Transaction_ID,Date,Region,Product_Category,Product_SKU,Quantity,Unit_Price,Discount_Applied,Customer_Rating,Is_Member,Total_Sales,,
1001,2023-02-27 23:35:31,North,Garden,SKU-615,25,172.99,0.05,5,Yes,4108.51,,
1002,2023-07-27 16:18:39,East,Garden,SKU-973,6,271.65,0.2,5,No,1303.92,,
1003,2023-05-04 18:31:03,South,Electronics,SKU-974,37,482.34,0.15,3,Yes,15169.59,,
1004,2023-03-13 15:31:24,East,Toys,SKU-285,2,493.82,0.1,3,Yes,888.88,,
1005,2023-05-11 8:37:14,North,Electronics,SKU-964,42,306,0.05,1,Yes,12209.4,,
1006,2023-08-24 21:21:39,North,Garden,SKU-840,29,416.31,0.15,5,Yes,10262.04,,
1007,2023-05-04 0:08:41,West,Electronics,SKU-493,12,209.55,0.1,1,Yes,2263.14,,
1008,2023-03-29 8:20:53,North,Clothing,SKU-769,5,334.68,0.15,3,Yes,1422.39,,
1009,2023-12-28 3:43:28,East,Home,SKU-897,48,343.05,0.2,3,No,13173.12,,
1010,2023-07-22 16:49:29,North,Clothing,SKU-757,30,480.33,0.05,5,No,13689.4,,
1011,2023-10-19 4:15:05,North,Electronics,SKU-778,34,403.03,0.2,1,No,10962.42,,
1012,2023-05-18 6:07:42,West,Clothing,SKU-658,32,456.94,0,2,No,14622.08,,
1013,2023-05-22 19:00:30,West,Garden,SKU-683,20,27.36,0.05,2,Yes,519.84,,
1014,2023-12-07 15:01:16,West,Garden,SKU-185,22,314.12,0.2,1,Yes,5528.51,,
1015,2023-11-25 9:32:17,West,Toys,SKU-145,9,16.81,0.2,1,Yes,121.03,,
1016,2023-05-09 23:33:04,East,Clothing,SKU-800,29,484.48,0.15,3,Yes,11942.43,,
1017,2023-08-19 0:32:59,North,Clothing,SKU-421,32,335.85,0.05,4,No,10209.84,,
1018,2023-03-18 23:41:03,South,Toys,SKU-875,19,83.36,0,1,No,1583.84,,
1019,2023-11-14 19:19:54,North,Toys,SKU-149,39,197.63,0.15,4,No,6551.43,,
1020,2023-01-23 22:53:00,East,Clothing,SKU-180,5,30.69,0.15,4,No,130.43,,
1021,2023-03-19 8:40:54,South,Home,SKU-969,32,348.4,0.1,4,Yes,10033.92,,
1022,2023-08-23 17:34:51,South,Home,SKU-122,47,236.79,0.15,3,No,9459.76,,
1023,2023-10-26 12:39:08,North,Electronics,SKU-960,31,317.11,0,4,Yes,9830.41,,
1024,2023-01-02 17:32:40,North,Home,SKU-105,2,209.43,0.05,5,Yes,397.92,,
1025,2023-06-02 11:33:07,North,Home,SKU-674,23,282.7,0,1,No,6502.1,,
1026,2023-06-11 15:59:40,East,Toys,SKU-861,29,354.24,0,2,No,10272.96,,
1027,2023-08-10 21:19:57,West,Electronics,SKU-103,22,286.74,0,3,Yes,6308.28,,
1028,2023-02-13 19:18:41,South,Clothing,SKU-623,2,446.96,0.1,5,Yes,804.53,,
1029,2023-02-23 11:52:32,North,Garden,SKU-803,39,321.15,0.1,2,No,11272.36,,
1030,2023-12-28 2:23:46,West,Garden,SKU-660,34,361.67,0.15,5,Yes,10452.26,,
1031,2023-12-04 3:54:23,West,Home,SKU-492,28,476.57,0,3,Yes,13343.96,,
1032,2023-10-04 21:32:34,South,Garden,SKU-191,26,131.76,0.15,3,Yes,2911.9,,
1033,2023-11-03 19:47:43,West,Toys,SKU-639,23,302.67,0.15,1,Yes,5917.2,,
1034,2023-07-20 22:36:04,East,Toys,SKU-243,11,311.75,0.15,5,Yes,2914.86,,
1035,2023-07-07 10:41:55,North,Electronics,SKU-267,21,464.11,0.15,1,No,8284.36,,
1036,2023-04-16 12:02:13,East,Toys,SKU-352,42,200.79,0.2,4,Yes,6746.54,,
1037,2023-11-08 21:32:50,West,Home,SKU-273,49,53.81,0,2,No,2636.69,,
1038,2023-10-28 21:09:40,West,Toys,SKU-976,43,437.41,0.15,5,Yes,15987.34,,
1039,2023-12-21 2:44:59,East,Toys,SKU-751,42,107.54,0.05,4,Yes,4290.85,,
1040,2023-05-21 9:41:22,East,Home,SKU-231,17,180.12,0.05,1,No,2908.94,,
1041,2023-06-19 19:18:17,South,Garden,SKU-895,19,165.55,0,5,No,3145.45,,
1042,2023-11-10 16:02:03,East,Home,SKU-910,38,138.01,0,5,No,5244.38,,
1043,2023-04-15 6:48:57,South,Home,SKU-231,45,14.08,0.05,5,No,601.92,,
1044,2023-02-12 17:40:56,West,Toys,SKU-319,16,341.16,0.05,2,Yes,5185.63,,
1045,2023-06-04 20:22:46,East,Clothing,SKU-514,44,490.04,0.05,1,Yes,20483.67,,
1046,2023-11-11 23:05:55,North,Garden,SKU-585,16,32.71,0.15,3,No,444.86,,
1047,2023-08-31 16:02:54,South,Clothing,SKU-896,26,474.4,0.2,2,No,9867.52,,
1048,2023-11-05 20:20:51,West,Toys,SKU-510,24,120.97,0.15,5,No,2467.79,,
1049,2023-04-15 2:10:12,East,Garden,SKU-340,15,102.41,0.2,5,Yes,1228.92,,
1050,2023-11-11 17:46:02,West,Garden,SKU-354,9,248.84,0.2,4,Yes,1791.65,,
1051,2023-01-25 3:36:13,South,Electronics,SKU-628,10,22.73,0.15,4,No,193.2,,
1052,2023-11-03 14:06:25,West,Home,SKU-343,49,191.91,0.1,3,Yes,8463.23,,
1053,2023-08-04 17:19:55,East,Garden,SKU-201,13,436.75,0,1,No,5677.75,,
1054,2023-11-05 5:48:17,North,Electronics,SKU-851,4,168.17,0.05,4,Yes,639.05,,
1055,2023-05-05 14:19:50,South,Home,SKU-787,33,270.86,0.2,2,Yes,7150.7,,
1056,2023-11-30 5:56:25,North,Garden,SKU-138,4,277.21,0.2,1,No,887.07,,
1057,2023-05-27 3:12:49,East,Clothing,SKU-481,17,160.39,0.15,3,Yes,2317.64,,
1058,2023-03-06 15:52:32,East,Clothing,SKU-132,32,438.22,0,3,No,14023.04,,
1059,2023-01-06 21:43:22,North,Garden,SKU-476,22,125.93,0.2,3,Yes,2216.37,,
1060,2023-05-10 4:25:03,East,Toys,SKU-631,12,101.24,0.15,4,Yes,1032.65,,
1061,2023-07-22 6:37:19,South,Electronics,SKU-980,31,314.11,0.1,5,Yes,8763.67,,
1062,2023-07-27 0:18:22,West,Electronics,SKU-254,27,263.67,0.05,1,No,6763.14,,
1063,2023-05-16 15:59:41,South,Home,SKU-983,13,96.55,0.05,2,No,1192.39,,
1064,2023-02-25 7:16:05,East,Toys,SKU-881,3,309.87,0.2,3,Yes,743.69,,
1065,2023-11-17 9:23:52,North,Home,SKU-404,34,388.79,0.05,2,No,12557.92,,
1066,2023-03-30 11:44:12,East,Clothing,SKU-271,17,383.29,0.2,2,Yes,5212.74,,
1067,2023-12-11 12:23:15,East,Clothing,SKU-693,12,462.43,0,2,Yes,5549.16,,
1068,2023-09-19 8:26:23,West,Garden,SKU-563,17,323.8,0.2,1,No,4403.68,,
1069,2023-11-07 0:06:46,South,Home,SKU-785,16,129.75,0.05,1,Yes,1972.2,,
1070,2023-06-22 13:38:20,North,Garden,SKU-389,10,18.93,0.05,4,Yes,179.84,,
1071,2023-09-21 22:48:35,South,Toys,SKU-804,8,307.03,0.05,4,Yes,2333.43,,
1072,2023-11-18 11:45:12,West,Garden,SKU-738,48,393.15,0,2,No,18871.2,,
1073,2023-04-30 20:54:25,East,Electronics,SKU-879,28,289.33,0.1,1,No,7291.12,,
1074,2023-08-28 15:14:59,North,Toys,SKU-295,11,204.18,0.1,5,Yes,2021.38,,
1075,2023-03-12 9:06:08,West,Toys,SKU-767,13,471.21,0.05,2,Yes,5819.44,,
1076,2023-10-18 10:56:37,North,Home,SKU-362,6,343,0,3,No,2058,,
1077,2023-05-30 1:04:18,West,Electronics,SKU-618,24,428.79,0.2,5,Yes,8232.77,,
1078,2023-11-01 0:44:41,East,Home,SKU-727,32,355.04,0.1,2,Yes,10225.15,,
1079,2023-01-15 14:45:39,East,Home,SKU-852,17,142.29,0.1,1,Yes,2177.04,,
1080,2023-06-10 16:46:26,East,Electronics,SKU-120,40,472.98,0.15,3,No,16081.32,,
1081,2023-04-04 4:46:57,North,Clothing,SKU-524,12,227.6,0,2,No,2731.2,,
1082,2023-07-17 20:32:48,West,Home,SKU-396,26,294.8,0.15,3,Yes,6515.08,,
1083,2023-07-03 21:53:48,North,Clothing,SKU-188,7,387.52,0.15,3,Yes,2305.74,,
1084,2023-06-01 23:36:10,North,Garden,SKU-272,17,331.69,0.2,2,No,4510.98,,
1085,2023-11-23 5:20:22,East,Electronics,SKU-297,49,309.23,0.2,3,Yes,12121.82,,
1086,2023-07-17 8:34:57,South,Home,SKU-441,34,340.29,0.15,5,No,9834.38,,
1087,2023-09-17 16:02:29,South,Clothing,SKU-637,47,286.77,0,3,Yes,13478.19,,
1088,2023-11-20 18:04:57,East,Home,SKU-253,41,369.5,0.15,4,No,12877.08,,
1089,2023-04-04 2:47:06,East,Clothing,SKU-694,20,338.36,0.05,1,Yes,6428.84,,
1090,2023-07-12 9:44:40,West,Home,SKU-213,40,261.02,0,5,No,10440.8,,
1091,2023-12-21 19:12:18,East,Electronics,SKU-361,25,93.36,0,2,No,2334,,
1092,2023-12-04 21:00:04,North,Clothing,SKU-103,43,174.46,0.05,2,Yes,7126.69,,
1093,2023-08-24 21:49:36,West,Electronics,SKU-276,7,130.97,0.2,3,Yes,733.43,,
1094,2023-06-24 20:05:39,North,Toys,SKU-400,12,204.14,0,2,No,2449.68,,
1095,2023-08-24 2:55:51,West,Garden,SKU-900,17,227.18,0.05,1,Yes,3668.96,,
1096,2023-02-23 9:34:12,West,Garden,SKU-894,4,309.02,0,1,No,1236.08,,
1097,2023-11-02 16:24:03,East,Toys,SKU-365,23,11.08,0.15,1,Yes,216.61,,
1098,2023-01-19 12:02:16,East,Home,SKU-632,16,406.77,0.05,3,No,6182.9,,
1099,2023-12-07 16:09:19,West,Electronics,SKU-734,29,187.88,0.1,5,Yes,4903.67,,
1100,2023-10-23 0:40:16,South,Clothing,SKU-829,36,322.89,0,5,Yes,11624.04,,
1101,2023-05-18 19:26:26,East,Garden,SKU-367,25,80.59,0.15,3,No,1712.54,,
1102,2023-03-29 8:11:34,East,Clothing,SKU-633,27,80.08,0.05,5,No,2054.05,,
1103,2023-08-08 21:08:55,South,Electronics,SKU-525,33,47.73,0.1,3,No,1417.58,,
1104,2023-02-02 10:17:58,North,Electronics,SKU-874,30,472.41,0.05,1,No,13463.69,,
1105,2023-01-11 1:01:15,South,Electronics,SKU-452,44,486.85,0,3,No,21421.4,,
1106,2023-05-13 16:38:01,North,Clothing,SKU-635,37,354.53,0.15,4,Yes,11149.97,,
1107,2023-10-18 18:42:56,South,Clothing,SKU-888,39,31.56,0,4,No,1230.84,,
1108,2023-08-17 14:20:05,South,Home,SKU-772,43,396.64,0.1,2,No,15349.97,,
1109,2023-06-19 22:07:47,South,Toys,SKU-782,2,145.57,0.1,2,Yes,262.03,,
1110,2023-10-03 16:46:09,East,Home,SKU-105,11,486.48,0.05,3,No,5083.72,,
1111,2023-03-29 12:35:48,East,Toys,SKU-961,36,311.99,0.05,2,No,10670.06,,
1112,2023-10-17 7:26:01,West,Electronics,SKU-360,17,271.9,0.15,3,Yes,3928.95,,
1113,2023-04-03 0:42:13,East,Home,SKU-200,19,293.09,0.2,3,No,4454.97,,
1114,2023-10-24 15:06:58,North,Garden,SKU-997,1,186.38,0.1,4,No,167.74,,
1115,2023-10-16 20:36:04,North,Garden,SKU-797,12,308.33,0.05,5,No,3514.96,,
1116,2023-03-30 9:24:32,South,Toys,SKU-660,16,453.07,0.2,3,Yes,5799.3,,
1117,2023-01-09 6:49:31,South,Garden,SKU-981,1,407.97,0.1,4,Yes,367.17,,
1118,2023-04-25 13:35:28,North,Garden,SKU-595,27,347.57,0,1,No,9384.39,,
1119,2023-04-17 21:15:03,West,Clothing,SKU-247,24,120.28,0.2,3,No,2309.38,,
1120,2023-04-10 17:36:27,North,Clothing,SKU-876,8,61.46,0.1,1,No,442.51,,
1121,2023-06-23 21:26:56,South,Garden,SKU-313,24,423.99,0.2,1,No,8140.61,,
1122,2023-01-01 1:57:11,West,Clothing,SKU-380,3,412.36,0.15,4,Yes,1051.52,,
1123,2023-07-27 10:10:02,West,Garden,SKU-125,48,340.12,0.15,4,Yes,13876.9,,
1124,2023-10-16 15:17:11,East,Home,SKU-801,35,437.75,0.1,1,No,13789.12,,
1125,2023-09-11 12:51:55,North,Toys,SKU-440,27,266.02,0.15,5,Yes,6105.16,,
1126,2023-01-30 13:42:53,South,Garden,SKU-146,33,445.13,0.2,3,No,11751.43,,
1127,2023-08-26 13:31:09,South,Toys,SKU-535,14,250.92,0.15,1,Yes,2985.95,,
1128,2023-09-19 13:53:12,South,Home,SKU-183,32,331.56,0,2,No,10609.92,,
1129,2023-09-03 4:03:29,West,Toys,SKU-235,38,76.73,0.1,5,No,2624.17,,
1130,2023-05-06 14:11:07,West,Home,SKU-804,8,97.57,0.15,2,No,663.48,,
1131,2023-05-12 7:45:19,West,Electronics,SKU-924,34,405.67,0.1,1,Yes,12413.5,,
1132,2023-05-07 20:57:00,South,Electronics,SKU-539,40,154.89,0.2,3,Yes,4956.48,,
1133,2023-02-25 19:32:32,South,Toys,SKU-651,33,352.34,0.05,2,No,11045.86,,
1134,2023-10-27 15:17:20,South,Toys,SKU-885,38,318.67,0.05,5,No,11503.99,,
1135,2023-03-22 2:48:01,East,Clothing,SKU-498,36,127.33,0.05,2,No,4354.69,,
1136,2023-06-14 10:26:27,North,Electronics,SKU-635,8,161.55,0.15,1,No,1098.54,,
1137,2023-10-10 5:37:19,North,Clothing,SKU-858,35,290.24,0,5,No,10158.4,,
1138,2023-01-18 16:30:08,North,Home,SKU-215,1,311.63,0.2,5,Yes,249.3,,
1139,2023-07-12 14:55:24,South,Electronics,SKU-303,36,333.09,0.15,3,Yes,10192.55,,
1140,2023-12-24 21:51:57,West,Toys,SKU-296,17,373.08,0.15,4,Yes,5391.01,,
1141,2023-02-07 21:38:11,South,Home,SKU-603,21,246.93,0.15,1,No,4407.7,,
1142,2023-08-03 14:43:32,South,Home,SKU-653,40,324.78,0.05,5,Yes,12341.64,,
1143,2023-04-29 23:05:32,East,Toys,SKU-658,45,161.72,0.05,3,Yes,6913.53,,
1144,2023-02-16 5:04:45,North,Clothing,SKU-927,3,322.73,0.05,2,No,919.78,,
1145,2023-04-03 6:25:24,West,Clothing,SKU-664,32,178.12,0,1,Yes,5699.84,,
1146,2023-08-03 18:32:51,West,Toys,SKU-158,37,331.48,0.15,2,No,10425.05,,
1147,2023-05-04 17:29:21,West,Garden,SKU-511,42,164.86,0.15,1,No,5885.5,,
1148,2023-09-02 16:06:23,South,Electronics,SKU-493,35,11.61,0.05,3,No,386.03,,
1149,2023-05-15 12:43:37,South,Home,SKU-557,35,276.27,0.15,3,No,8219.03,,
1150,2023-03-08 6:54:19,South,Clothing,SKU-856,23,429.54,0.2,5,Yes,7903.54,,
1151,2023-02-20 0:38:23,South,Electronics,SKU-927,39,230.44,0.15,3,Yes,7639.09,,
1152,2023-08-20 6:51:49,South,Toys,SKU-925,28,110.85,0.2,4,No,2483.04,,
1153,2023-02-03 0:46:38,East,Electronics,SKU-569,21,209.42,0.05,4,No,4177.93,,
1154,2023-06-13 20:49:52,West,Garden,SKU-893,29,453.48,0.05,2,Yes,12493.37,,
1155,2023-12-03 11:11:14,East,Toys,SKU-563,3,178.68,0.2,1,Yes,428.83,,
1156,2023-08-16 0:03:49,North,Clothing,SKU-640,37,372.8,0.1,4,Yes,12414.24,,
1157,2023-06-16 3:40:43,East,Garden,SKU-307,44,203.58,0.05,5,Yes,8509.64,,
1158,2023-08-24 3:18:26,West,Toys,SKU-931,49,89.93,0,4,No,4406.57,,
1159,2023-05-03 19:38:30,South,Clothing,SKU-440,27,156.36,0.05,5,Yes,4010.63,,
1160,2023-03-22 23:39:07,North,Toys,SKU-222,28,438.95,0,1,No,12290.6,,
1161,2023-06-14 11:01:32,South,Toys,SKU-571,40,178.16,0.15,3,Yes,6057.44,,
1162,2023-06-21 0:33:14,West,Home,SKU-125,19,129.71,0.15,5,Yes,2094.82,,
1163,2023-11-09 12:39:00,West,Home,SKU-222,34,117.94,0,3,Yes,4009.96,,
1164,2023-05-26 23:05:38,West,Electronics,SKU-159,16,244.28,0.15,1,No,3322.21,,
1165,2023-10-18 1:37:03,West,Clothing,SKU-323,28,411.31,0.1,1,No,10365.01,,
1166,2023-08-27 19:14:18,North,Electronics,SKU-603,6,353.9,0.1,2,Yes,1911.06,,
1167,2023-04-09 19:02:34,North,Clothing,SKU-233,13,138.82,0.05,2,No,1714.43,,
1168,2023-02-22 18:27:24,South,Toys,SKU-296,30,331.19,0.05,1,Yes,9438.92,,
1169,2023-02-26 2:37:17,East,Clothing,SKU-820,36,393.45,0.05,2,No,13455.99,,
1170,2023-02-10 12:24:06,South,Electronics,SKU-995,28,200.03,0.15,4,No,4760.71,,
1171,2023-01-16 2:44:01,North,Electronics,SKU-716,1,487.19,0.15,3,No,414.11,,
1172,2023-05-28 8:04:55,East,Electronics,SKU-913,25,27.45,0.2,4,Yes,549,,
1173,2023-04-15 11:34:02,North,Clothing,SKU-459,28,30.63,0,5,Yes,857.64,,
1174,2023-01-04 18:30:22,North,Electronics,SKU-797,17,180.47,0,4,Yes,3067.99,,
1175,2023-02-05 0:21:08,North,Toys,SKU-869,13,415,0.2,3,No,4316,,
1176,2023-07-12 4:52:19,South,Home,SKU-721,13,436.11,0,3,No,5669.43,,
1177,2023-02-26 22:17:25,West,Home,SKU-957,31,301.85,0.05,5,No,8889.48,,
1178,2023-11-22 5:25:54,North,Toys,SKU-248,44,447.73,0,2,No,19700.12,,
1179,2023-07-25 12:39:49,North,Home,SKU-215,15,475.64,0.15,1,No,6064.41,,
1180,2023-10-14 9:17:48,North,Electronics,SKU-420,15,486.78,0.15,5,No,6206.44,,
1181,2023-11-14 15:56:19,West,Clothing,SKU-172,37,182.8,0.15,1,Yes,5749.06,,
1182,2023-03-05 16:39:56,East,Garden,SKU-375,24,122.65,0.05,5,Yes,2796.42,,
1183,2023-09-08 0:33:03,East,Garden,SKU-864,46,66.18,0.1,3,Yes,2739.85,,
1184,2023-01-28 11:53:55,North,Toys,SKU-943,22,142.31,0.15,1,No,2661.2,,
1185,2023-01-26 0:13:58,South,Electronics,SKU-234,4,191.56,0.05,2,Yes,727.93,,
1186,2023-08-21 13:14:53,South,Clothing,SKU-254,42,378,0.15,2,No,13494.6,,
1187,2023-10-26 12:49:26,West,Electronics,SKU-957,1,324.06,0.05,4,Yes,307.86,,
1188,2023-10-28 8:15:16,South,Electronics,SKU-878,21,367.03,0.15,2,Yes,6551.49,,
1189,2023-04-17 20:54:59,East,Clothing,SKU-846,17,85.61,0.2,4,Yes,1164.3,,
1190,2023-01-23 18:52:20,East,Clothing,SKU-272,45,287.92,0.15,3,No,11012.94,,
1191,2023-04-18 19:39:32,South,Electronics,SKU-967,22,298.41,0.2,1,Yes,5252.02,,
1192,2023-05-16 17:14:40,West,Toys,SKU-953,44,177,0,5,Yes,7788,,
1193,2023-04-18 20:14:32,South,Electronics,SKU-663,26,371.07,0.1,1,Yes,8683.04,,
1194,2023-05-06 4:44:49,South,Home,SKU-210,11,492.26,0.1,3,Yes,4873.37,,
1195,2023-03-26 11:04:37,North,Home,SKU-793,25,104.78,0.05,2,Yes,2488.52,,
1196,2023-09-09 17:50:50,West,Garden,SKU-561,5,288.15,0.2,3,Yes,1152.6,,
1197,2023-08-04 17:09:46,North,Garden,SKU-663,5,238.53,0.05,5,No,1133.02,,
1198,2023-05-04 16:54:57,East,Home,SKU-501,36,343.53,0.1,4,No,11130.37,,
1199,2023-06-05 22:58:21,East,Clothing,SKU-413,48,241.09,0.1,4,No,10415.09,,
1200,2023-07-21 23:11:56,West,Garden,SKU-833,28,375.94,0,1,No,10526.32,,
1201,2023-05-18 15:26:54,East,Electronics,SKU-558,26,344.35,0.2,4,No,7162.48,,
1202,2023-03-23 21:26:30,West,Garden,SKU-295,6,40.21,0,4,Yes,241.26,,
1203,2023-09-21 8:06:43,South,Garden,SKU-685,48,426.91,0.1,5,No,18442.51,,
1204,2023-12-11 15:42:41,East,Home,SKU-590,9,385.02,0.2,5,No,2772.14,,
1205,2023-04-02 19:21:44,North,Electronics,SKU-906,15,457.4,0.05,4,Yes,6517.95,,
1206,2023-07-08 14:56:06,North,Electronics,SKU-947,22,234.96,0.15,4,No,4393.75,,
1207,2023-08-02 11:17:34,North,Clothing,SKU-499,6,359.71,0.1,1,Yes,1942.43,,
1208,2023-11-22 3:12:13,South,Home,SKU-219,23,323.68,0,3,No,7444.64,,
1209,2023-11-24 21:01:53,West,Home,SKU-292,7,55.81,0.2,5,Yes,312.54,,
1210,2023-08-24 21:41:18,North,Clothing,SKU-594,36,133.23,0.2,1,No,3837.02,,
1211,2023-04-01 18:32:16,South,Toys,SKU-155,25,47.78,0,5,Yes,1194.5,,
1212,2023-08-04 4:00:07,West,Home,SKU-493,11,73.26,0.05,5,No,765.57,,
1213,2023-03-08 9:11:11,East,Home,SKU-494,26,149.2,0.1,5,No,3491.28,,
1214,2023-06-14 0:45:35,South,Clothing,SKU-574,18,179.99,0,1,No,3239.82,,
1215,2023-01-06 3:48:48,West,Garden,SKU-360,25,266.98,0.1,4,No,6007.05,,
1216,2023-08-17 16:13:01,North,Garden,SKU-390,11,267.22,0,4,Yes,2939.42,,
1217,2023-09-11 0:01:47,South,Electronics,SKU-499,38,341.83,0.2,3,No,10391.63,,
1218,2023-07-17 4:42:07,East,Garden,SKU-558,11,287.1,0,4,Yes,3158.1,,
1219,2023-07-24 3:19:04,South,Home,SKU-843,16,156.11,0.15,5,Yes,2123.1,,
1220,2023-03-11 3:38:22,East,Home,SKU-201,43,369.23,0.15,5,No,13495.36,,
1221,2023-12-08 8:29:58,East,Toys,SKU-426,18,140.96,0.1,2,Yes,2283.55,,
1222,2023-01-13 2:30:08,East,Home,SKU-344,37,420.59,0.05,1,No,14783.74,,
1223,2023-11-11 23:19:22,North,Electronics,SKU-629,18,335.77,0.05,4,No,5741.67,,
1224,2023-07-03 17:02:31,East,Toys,SKU-425,49,270.3,0.1,2,Yes,11920.23,,
1225,2023-09-20 11:13:22,West,Home,SKU-314,16,170.46,0.1,3,No,2454.62,,
1226,2023-03-22 22:36:33,North,Electronics,SKU-994,2,353.6,0,4,No,707.2,,
1227,2023-03-19 12:17:28,West,Home,SKU-955,8,10.46,0.1,4,Yes,75.31,,
1228,2023-10-24 1:59:40,West,Toys,SKU-536,37,414.05,0.05,4,No,14553.86,,
1229,2023-02-06 3:46:44,West,Toys,SKU-241,30,53.09,0.2,2,Yes,1274.16,,
1230,2023-11-07 12:38:42,South,Garden,SKU-464,44,313.8,0.1,5,No,12426.48,,
1231,2023-04-22 15:17:54,East,Toys,SKU-192,44,499.57,0.15,5,No,18683.92,,
1232,2023-05-29 5:06:27,West,Clothing,SKU-938,17,387.71,0.05,4,No,6261.52,,
1233,2023-09-14 6:31:48,South,Electronics,SKU-972,19,446.41,0.05,1,Yes,8057.7,,
1234,2023-12-14 8:53:56,South,Clothing,SKU-792,45,348.26,0.15,1,No,13320.94,,
1235,2023-12-24 22:32:48,North,Electronics,SKU-290,40,364.59,0.2,1,No,11666.88,,
1236,2023-10-03 6:50:13,North,Electronics,SKU-772,20,232.12,0.2,3,No,3713.92,,
1237,2023-01-25 18:24:08,South,Toys,SKU-385,9,363.24,0.05,4,Yes,3105.7,,
1238,2023-10-09 7:27:00,East,Clothing,SKU-163,46,272.86,0.05,1,No,11923.98,,
1239,2023-03-18 8:43:02,North,Home,SKU-181,19,50.44,0.05,2,Yes,910.44,,
1240,2023-01-11 15:20:36,North,Electronics,SKU-769,38,328.07,0.05,2,Yes,11843.33,,
1241,2023-03-16 7:48:04,East,Toys,SKU-508,20,203.77,0,1,Yes,4075.4,,
1242,2023-06-16 18:15:21,North,Clothing,SKU-822,34,352.6,0.2,3,Yes,9590.72,,
1243,2023-04-14 7:28:46,South,Home,SKU-425,30,220.26,0,3,Yes,6607.8,,
1244,2023-12-01 17:24:04,South,Electronics,SKU-107,32,260.14,0.05,3,No,7908.26,,
1245,2023-03-06 13:59:27,North,Home,SKU-433,48,173.93,0.2,5,Yes,6678.91,,
1246,2023-01-24 17:46:07,South,Electronics,SKU-622,14,402.51,0.15,3,Yes,4789.87,,
1247,2023-01-04 0:53:15,West,Toys,SKU-461,20,419.36,0.15,2,No,7129.12,,
1248,2023-07-07 13:00:56,West,Toys,SKU-889,25,431.21,0,3,No,10780.25,,
1249,2023-04-18 6:11:41,East,Home,SKU-104,2,55.85,0.1,2,Yes,100.53,,
1250,2023-08-14 22:29:55,South,Home,SKU-168,31,282.79,0.05,1,No,8328.17,,
1251,2023-09-01 0:48:02,West,Clothing,SKU-800,26,34.8,0.15,1,No,769.08,,
1252,2023-01-21 20:10:03,South,Clothing,SKU-675,30,315.32,0.05,3,Yes,8986.62,,
1253,2023-11-08 4:14:28,South,Clothing,SKU-341,34,204.85,0.15,3,No,5920.16,,
1254,2023-12-22 23:33:19,East,Clothing,SKU-484,13,24.66,0.1,3,Yes,288.52,,
1255,2023-05-16 12:49:42,West,Electronics,SKU-710,15,455.69,0.05,2,Yes,6493.58,,
1256,2023-07-01 23:13:38,East,Toys,SKU-413,12,198.25,0.2,2,No,1903.2,,
1257,2023-08-15 17:45:46,East,Toys,SKU-584,10,450.52,0,1,Yes,4505.2,,
1258,2023-05-04 5:46:25,North,Garden,SKU-239,43,276.33,0.1,3,No,10693.97,,
1259,2023-02-04 6:56:50,West,Garden,SKU-963,36,333.28,0,3,No,11998.08,,
1260,2023-12-06 11:35:52,East,Electronics,SKU-890,22,389.55,0.05,4,No,8141.6,,
1261,2023-03-03 23:18:54,West,Clothing,SKU-529,8,277.16,0,5,No,2217.28,,
1262,2023-08-16 10:04:08,North,Electronics,SKU-425,34,20.87,0.2,1,No,567.66,,
1263,2023-12-03 1:49:11,South,Garden,SKU-564,3,294.43,0.05,4,Yes,839.13,,
1264,2023-04-23 12:20:19,North,Home,SKU-767,3,281.76,0.05,4,Yes,803.02,,
1265,2023-11-06 16:29:45,East,Clothing,SKU-513,29,488.46,0.05,5,Yes,13457.07,,
1266,2023-04-26 1:51:03,South,Electronics,SKU-946,15,300.2,0,5,No,4503,,
1267,2023-04-02 3:32:48,West,Home,SKU-714,40,138.83,0.2,4,Yes,4442.56,,
1268,2023-01-29 21:52:31,South,Garden,SKU-805,30,244.77,0,1,Yes,7343.1,,
1269,2023-08-23 10:29:55,North,Toys,SKU-957,31,405.26,0.1,1,Yes,11306.75,,
1270,2023-06-17 18:32:24,South,Garden,SKU-809,2,20.58,0,1,No,41.16,,
1271,2023-08-15 6:34:36,South,Clothing,SKU-446,30,24.96,0.1,1,Yes,673.92,,
1272,2023-10-03 13:36:12,North,Home,SKU-596,42,198.77,0.2,5,Yes,6678.67,,
1273,2023-08-12 3:10:35,South,Toys,SKU-992,17,233.62,0.15,5,No,3375.81,,
1274,2023-12-01 19:25:26,East,Clothing,SKU-485,21,275.12,0,3,No,5777.52,,
1275,2023-10-06 12:49:18,West,Home,SKU-557,19,234.7,0.05,5,Yes,4236.34,,
1276,2023-11-30 11:25:38,West,Electronics,SKU-800,14,58.24,0.1,1,No,733.82,,
1277,2023-04-10 14:01:51,East,Garden,SKU-567,42,78.1,0,2,No,3280.2,,
1278,2023-08-15 7:33:24,North,Electronics,SKU-770,43,303.47,0,2,No,13049.21,,
1279,2023-12-22 13:04:23,South,Clothing,SKU-592,14,66.02,0.2,2,No,739.42,,
1280,2023-06-26 10:41:24,East,Clothing,SKU-728,17,183.62,0.1,3,Yes,2809.39,,
1281,2023-04-20 15:31:07,South,Garden,SKU-117,41,313.59,0.2,4,No,10285.75,,
1282,2023-12-10 9:36:15,South,Home,SKU-450,4,245.42,0.05,5,Yes,932.6,,
1283,2023-04-02 11:29:40,North,Clothing,SKU-824,22,456.52,0.2,3,Yes,8034.75,,
1284,2023-04-07 8:01:08,West,Clothing,SKU-464,48,177.16,0,1,No,8503.68,,
1285,2023-06-25 21:18:39,South,Home,SKU-342,44,147.72,0.1,3,No,5849.71,,
1286,2023-02-20 8:05:41,North,Toys,SKU-713,9,407.78,0.05,1,Yes,3486.52,,
1287,2023-06-25 18:30:31,North,Toys,SKU-201,14,446.55,0.15,2,No,5313.94,,
1288,2023-10-07 4:29:31,East,Clothing,SKU-525,3,272.75,0.15,5,Yes,695.51,,
1289,2023-09-27 11:06:23,South,Electronics,SKU-877,34,232.89,0,3,No,7918.26,,
1290,2023-07-17 11:24:57,South,Garden,SKU-971,27,264.17,0.05,1,Yes,6775.96,,
1291,2023-08-16 6:50:06,West,Clothing,SKU-507,28,239,0.15,3,Yes,5688.2,,
1292,2023-08-27 5:40:45,East,Clothing,SKU-424,24,168.77,0.05,5,Yes,3847.96,,
1293,2023-11-02 3:10:53,South,Clothing,SKU-225,36,159.35,0,5,No,5736.6,,
1294,2023-03-25 21:16:11,East,Home,SKU-272,46,425.26,0.05,4,No,18583.86,,
1295,2023-08-13 23:32:46,South,Electronics,SKU-203,18,491.81,0.2,4,No,7082.06,,
1296,2023-10-13 6:04:19,West,Home,SKU-160,2,23.44,0,2,No,46.88,,
1297,2023-05-07 6:23:42,South,Garden,SKU-496,49,34.06,0,5,Yes,1668.94,,
1298,2023-03-22 22:57:18,West,Garden,SKU-490,20,486.7,0,4,No,9734,,
1299,2023-07-26 13:44:05,East,Home,SKU-650,1,240.91,0.15,2,No,204.77,,
1300,2023-03-30 22:18:11,West,Electronics,SKU-974,6,309.99,0.1,5,Yes,1673.95,,
1301,2023-01-07 13:23:39,East,Home,SKU-967,8,395.3,0.2,2,No,2529.92,,
1302,2023-09-29 13:12:56,West,Electronics,SKU-507,6,263.82,0.2,4,Yes,1266.34,,
1303,2023-06-21 10:10:17,East,Garden,SKU-352,30,219.45,0.2,3,No,5266.8,,
1304,2023-09-23 7:14:48,South,Home,SKU-773,38,316.68,0.1,4,No,10830.46,,
1305,2023-05-29 23:31:14,West,Garden,SKU-577,22,70.16,0,4,Yes,1543.52,,
1306,2023-05-13 19:31:50,East,Home,SKU-413,7,327.33,0.15,3,Yes,1947.61,,
1307,2023-05-11 1:44:59,South,Clothing,SKU-946,17,228.17,0,1,No,3878.89,,
1308,2023-07-09 5:25:25,West,Clothing,SKU-342,2,150.17,0.15,4,Yes,255.29,,
1309,2023-06-19 13:00:15,South,Garden,SKU-238,17,171.05,0.2,4,Yes,2326.28,,
1310,2023-05-29 17:27:19,South,Garden,SKU-323,5,123.57,0.05,1,Yes,586.96,,
1311,2023-05-15 18:52:06,East,Electronics,SKU-771,9,313.34,0.05,4,Yes,2679.06,,
1312,2023-10-20 6:55:10,East,Home,SKU-717,41,37.99,0.05,2,No,1479.71,,
1313,2023-09-12 3:44:43,South,Home,SKU-103,10,245.56,0.1,4,No,2210.04,,
1314,2023-04-27 2:25:18,West,Home,SKU-794,23,21.53,0.05,3,No,470.43,,
1315,2023-12-18 3:48:00,East,Clothing,SKU-611,14,325.35,0.2,4,No,3643.92,,
1316,2023-04-25 9:42:37,North,Toys,SKU-453,23,371.66,0.2,3,Yes,6838.54,,
1317,2023-02-12 10:51:49,West,Garden,SKU-726,36,159.96,0.05,2,No,5470.63,,
1318,2023-09-16 1:03:26,South,Garden,SKU-738,39,479.11,0.1,2,Yes,16816.76,,
1319,2023-05-03 13:24:57,West,Home,SKU-998,1,411.28,0,3,Yes,411.28,,
1320,2023-01-08 19:02:59,North,Toys,SKU-179,39,338.72,0,1,Yes,13210.08,,
1321,2023-02-10 18:20:48,East,Electronics,SKU-531,7,150.39,0.1,5,Yes,947.46,,
1322,2023-06-07 9:30:51,North,Clothing,SKU-416,23,222.29,0.05,1,Yes,4857.04,,
1323,2023-11-29 8:12:41,South,Electronics,SKU-631,34,46.28,0.05,1,Yes,1494.84,,
1324,2023-12-21 15:00:03,North,Electronics,SKU-841,24,400.62,0,4,Yes,9614.88,,
1325,2023-09-18 4:01:56,North,Clothing,SKU-845,34,212.22,0.05,3,Yes,6854.71,,
1326,2023-07-30 5:12:51,West,Garden,SKU-420,19,469.16,0.05,5,No,8468.34,,
1327,2023-01-28 0:34:21,South,Garden,SKU-783,18,137.38,0.1,3,No,2225.56,,
1328,2023-11-04 2:47:15,West,Garden,SKU-451,41,487.67,0.2,5,No,15995.58,,
1329,2023-12-10 12:16:22,West,Toys,SKU-747,22,420.95,0.15,1,No,7871.76,,
1330,2023-08-31 1:33:17,North,Home,SKU-525,42,42.46,0.2,3,No,1426.66,,
1331,2023-01-17 9:21:36,East,Toys,SKU-244,15,49.52,0.15,5,Yes,631.38,,
1332,2023-07-14 5:41:12,West,Home,SKU-137,46,366.81,0.1,5,No,15185.93,,
1333,2023-03-08 21:51:34,South,Clothing,SKU-538,24,491.58,0.2,3,Yes,9438.34,,
1334,2023-10-06 21:22:46,South,Electronics,SKU-238,10,171.48,0.05,2,No,1629.06,,
1335,2023-08-13 16:47:17,South,Clothing,SKU-968,18,285.91,0,4,No,5146.38,,
1336,2023-10-17 18:21:45,North,Toys,SKU-156,8,158.9,0.15,5,Yes,1080.52,,
1337,2023-02-03 18:50:34,East,Home,SKU-545,25,182.5,0.1,3,No,4106.25,,
1338,2023-08-08 13:22:09,West,Clothing,SKU-307,16,240.63,0.05,4,Yes,3657.58,,
1339,2023-04-14 11:04:26,West,Electronics,SKU-501,19,108.84,0,1,No,2067.96,,
1340,2023-07-20 17:43:25,West,Clothing,SKU-140,25,235.63,0,1,No,5890.75,,
1341,2023-06-10 22:29:44,South,Electronics,SKU-233,37,116.15,0.1,4,No,3867.8,,
1342,2023-07-30 16:52:06,South,Garden,SKU-418,33,113.48,0.1,4,No,3370.36,,
1343,2023-12-10 1:13:42,South,Electronics,SKU-529,35,370.52,0.05,3,No,12319.79,,
1344,2023-11-14 21:47:29,East,Home,SKU-257,48,27.23,0.1,2,Yes,1176.34,,
1345,2023-03-09 23:45:49,West,Home,SKU-297,16,206.6,0,1,No,3305.6,,
1346,2023-01-13 5:12:29,North,Home,SKU-176,49,16.11,0.1,5,No,710.45,,
1347,2023-12-26 9:53:14,North,Garden,SKU-524,9,292.07,0.1,5,Yes,2365.77,,
1348,2023-12-22 17:08:44,West,Home,SKU-400,6,316.22,0,4,Yes,1897.32,,
1349,2023-01-03 5:03:39,East,Toys,SKU-720,6,297.73,0.2,1,Yes,1429.1,,
1350,2023-12-16 5:17:39,East,Home,SKU-465,31,252.8,0.05,1,No,7444.96,,
1351,2023-03-06 10:41:28,East,Home,SKU-483,20,81.25,0.15,1,No,1381.25,,
1352,2023-07-20 13:10:14,East,Toys,SKU-973,19,21,0.05,1,No,379.05,,
1353,2023-10-08 5:13:07,South,Electronics,SKU-368,6,478.18,0.15,4,No,2438.72,,
1354,2023-09-19 14:17:00,South,Electronics,SKU-904,20,434.46,0,1,Yes,8689.2,,
1355,2023-07-13 6:27:25,South,Home,SKU-770,39,195,0.2,1,Yes,6084,,
1356,2023-11-01 8:22:56,West,Clothing,SKU-652,20,307.95,0,4,No,6159,,
1357,2023-09-22 15:35:05,South,Toys,SKU-885,6,388.93,0.1,4,Yes,2100.22,,
1358,2023-06-10 21:30:55,North,Clothing,SKU-381,5,248.65,0.1,4,No,1118.92,,
1359,2023-11-19 11:10:59,West,Toys,SKU-590,23,50.49,0.05,4,No,1103.21,,
1360,2023-05-13 14:15:34,South,Clothing,SKU-821,28,329.84,0.1,4,No,8311.97,,
1361,2023-04-05 4:53:47,South,Electronics,SKU-421,46,324.19,0.1,5,No,13421.47,,
1362,2023-02-09 20:27:30,East,Toys,SKU-296,11,231.99,0.2,5,Yes,2041.51,,
1363,2023-01-31 16:59:05,South,Clothing,SKU-360,15,85.34,0.1,1,No,1152.09,,
1364,2023-06-13 14:58:56,East,Electronics,SKU-157,12,163.7,0.2,5,Yes,1571.52,,
1365,2023-07-07 11:25:39,East,Home,SKU-281,17,367.23,0.1,4,Yes,5618.62,,
1366,2023-08-08 18:50:50,West,Clothing,SKU-404,34,413.13,0.1,4,No,12641.78,,
1367,2023-01-21 20:39:07,North,Home,SKU-226,23,232.18,0.05,2,Yes,5073.13,,
1368,2023-04-01 1:45:53,West,Electronics,SKU-674,6,180.9,0.05,4,Yes,1031.13,,
1369,2023-07-06 12:09:13,East,Electronics,SKU-431,20,326.78,0.2,4,Yes,5228.48,,
1370,2023-02-12 22:53:08,East,Clothing,SKU-727,44,403.87,0.15,2,Yes,15104.74,,
1371,2023-11-01 12:00:56,North,Garden,SKU-267,25,485.31,0.2,4,Yes,9706.2,,
1372,2023-03-28 8:51:54,South,Toys,SKU-812,42,340.08,0,2,Yes,14283.36,,
1373,2023-07-09 18:41:17,South,Electronics,SKU-814,45,415.19,0,2,No,18683.55,,
1374,2023-04-25 22:33:29,North,Clothing,SKU-751,44,103.2,0.2,3,No,3632.64,,
1375,2023-01-18 22:21:39,West,Toys,SKU-149,9,160.31,0.1,1,No,1298.51,,
1376,2023-09-22 2:05:21,South,Electronics,SKU-229,32,221.03,0.05,5,Yes,6719.31,,
1377,2023-07-15 22:04:59,South,Clothing,SKU-467,25,220.8,0,2,Yes,5520,,
1378,2023-07-26 4:35:06,North,Home,SKU-734,5,489.68,0,5,Yes,2448.4,,
1379,2023-06-27 9:08:31,West,Home,SKU-686,9,35.82,0,2,No,322.38,,
1380,2023-09-07 8:56:48,East,Clothing,SKU-465,49,373.27,0,5,No,18290.23,,
1381,2023-01-02 14:10:49,South,Home,SKU-425,30,71.71,0.2,1,No,1721.04,,
1382,2023-11-25 22:14:50,West,Clothing,SKU-447,11,188.95,0.05,5,Yes,1974.53,,
1383,2023-09-09 23:30:04,North,Electronics,SKU-201,31,174.8,0,1,Yes,5418.8,,
1384,2023-05-28 0:22:47,West,Electronics,SKU-415,39,85.03,0,5,Yes,3316.17,,
1385,2023-10-02 20:04:57,West,Clothing,SKU-767,16,17.5,0.1,4,No,252,,
1386,2023-02-07 23:21:01,West,Home,SKU-143,3,196.33,0.15,1,Yes,500.64,,
1387,2023-08-11 10:20:52,South,Toys,SKU-220,9,192.66,0,3,No,1733.94,,
1388,2023-05-22 9:22:37,East,Electronics,SKU-701,43,85.7,0.05,4,No,3500.84,,
1389,2023-01-07 21:03:30,West,Home,SKU-487,23,336.19,0.1,3,Yes,6959.13,,
1390,2023-06-29 22:50:15,South,Toys,SKU-291,41,14.15,0.15,2,No,493.13,,
1391,2023-05-11 20:34:39,West,Electronics,SKU-744,24,291.64,0.05,2,Yes,6649.39,,
1392,2023-01-30 13:19:08,West,Home,SKU-125,45,460.08,0,5,Yes,20703.6,,
1393,2023-06-12 15:12:40,West,Electronics,SKU-364,14,341.28,0.1,5,No,4300.13,,
1394,2023-04-24 11:19:00,South,Electronics,SKU-604,1,86.85,0,1,Yes,86.85,,
1395,2023-03-28 8:44:26,East,Clothing,SKU-667,22,413.05,0.1,5,Yes,8178.39,,
1396,2023-07-27 7:45:16,East,Home,SKU-299,29,197.33,0.1,1,Yes,5150.31,,
1397,2023-03-14 5:02:26,East,Electronics,SKU-173,5,72.89,0.05,4,Yes,346.23,,
1398,2023-09-12 2:43:36,West,Electronics,SKU-665,7,412.4,0.05,1,Yes,2742.46,,
1399,2023-12-08 12:54:20,West,Electronics,SKU-158,28,267.74,0,4,No,7496.72,,
1400,2023-12-22 15:53:30,North,Clothing,SKU-216,37,64.54,0.1,4,No,2149.18,,
1401,2023-01-18 3:33:00,North,Home,SKU-868,5,466.06,0.2,4,No,1864.24,,
1402,2023-04-30 10:33:06,South,Home,SKU-654,16,150.7,0.05,1,No,2290.64,,
1403,2023-03-29 23:22:34,East,Clothing,SKU-421,42,485.38,0.1,5,No,18347.36,,
1404,2023-07-02 12:28:27,North,Home,SKU-627,41,311.33,0.1,3,No,11488.08,,
1405,2023-10-28 10:44:00,West,Toys,SKU-447,20,327.37,0.15,4,No,5565.29,,
1406,2023-05-22 4:46:39,North,Electronics,SKU-295,42,57.14,0.05,5,No,2279.89,,
1407,2023-06-30 23:42:01,North,Toys,SKU-835,26,421.8,0.1,2,No,9870.12,,
1408,2023-03-31 13:17:08,North,Garden,SKU-352,44,93.16,0.15,2,Yes,3484.18,,
1409,2023-08-08 9:32:22,South,Electronics,SKU-814,6,207.56,0,3,No,1245.36,,
1410,2023-11-23 23:58:08,East,Garden,SKU-978,18,428.24,0,4,Yes,7708.32,,
1411,2023-09-09 3:18:00,West,Home,SKU-844,19,103.34,0.2,4,No,1570.77,,
1412,2023-08-14 8:22:45,East,Garden,SKU-398,36,52.65,0.05,5,No,1800.63,,
1413,2023-02-18 9:54:15,North,Garden,SKU-740,40,190.19,0.05,3,Yes,7227.22,,
1414,2023-09-08 0:01:50,West,Clothing,SKU-699,44,354.72,0.1,4,Yes,14046.91,,
1415,2023-11-08 8:18:30,North,Home,SKU-513,11,451.06,0.2,4,Yes,3969.33,,
1416,2023-06-10 13:07:44,West,Clothing,SKU-706,3,173.2,0.1,5,Yes,467.64,,
1417,2023-11-21 17:54:51,West,Electronics,SKU-606,30,72.02,0.2,5,Yes,1728.48,,
1418,2023-12-16 3:59:07,North,Toys,SKU-274,31,319.93,0.15,1,Yes,8430.16,,
1419,2023-03-17 17:09:31,North,Clothing,SKU-343,12,435.57,0,5,Yes,5226.84,,
1420,2023-01-29 8:15:30,East,Toys,SKU-174,33,440.41,0.2,2,Yes,11626.82,,
1421,2023-10-25 10:07:05,East,Electronics,SKU-213,46,223.22,0,2,No,10268.12,,
1422,2023-11-29 4:42:58,East,Home,SKU-214,4,323.25,0.1,3,Yes,1163.7,,
1423,2023-12-30 3:33:59,East,Toys,SKU-911,46,13.41,0.2,3,Yes,493.49,,
1424,2023-06-17 22:44:12,South,Electronics,SKU-637,37,245.74,0.2,2,No,7273.9,,
1425,2023-02-09 15:54:24,East,Clothing,SKU-318,22,249.42,0.1,2,No,4938.52,,
1426,2023-08-17 0:19:23,South,Garden,SKU-152,25,284,0.05,1,No,6745,,
1427,2023-08-04 1:19:07,East,Toys,SKU-668,26,60.34,0.15,3,Yes,1333.51,,
1428,2023-05-22 17:49:07,South,Home,SKU-689,6,381.44,0.2,4,Yes,1830.91,,
1429,2023-08-27 11:08:46,West,Electronics,SKU-684,22,374.32,0.2,2,No,6588.03,,
1430,2023-02-28 14:18:42,North,Electronics,SKU-195,11,199.75,0.15,5,Yes,1867.66,,
1431,2023-01-30 14:52:37,South,Toys,SKU-505,11,48.02,0.2,2,No,422.58,,
1432,2023-05-27 6:01:40,North,Toys,SKU-650,39,77.69,0.15,4,Yes,2575.42,,
1433,2023-07-23 13:53:31,South,Electronics,SKU-562,40,383.18,0,3,No,15327.2,,
1434,2023-10-13 16:32:03,West,Electronics,SKU-865,11,466.65,0.2,1,No,4106.52,,
1435,2023-07-24 3:40:54,South,Garden,SKU-283,49,158.01,0,1,Yes,7742.49,,
1436,2023-06-03 4:59:55,North,Electronics,SKU-609,24,10.41,0.15,2,Yes,212.36,,
1437,2023-02-01 16:10:54,South,Garden,SKU-521,6,260.79,0,2,Yes,1564.74,,
1438,2023-11-16 0:12:30,West,Home,SKU-430,33,496.95,0.05,1,Yes,15579.38,,
1439,2023-05-02 3:44:14,West,Toys,SKU-886,16,335.62,0.2,3,Yes,4295.94,,
1440,2023-09-26 0:24:39,South,Toys,SKU-795,37,193.81,0.15,5,Yes,6095.32,,
1441,2023-03-02 9:11:27,South,Home,SKU-967,11,379.93,0.05,5,Yes,3970.27,,
1442,2023-02-14 7:05:33,West,Electronics,SKU-381,40,168.42,0.05,2,Yes,6399.96,,
1443,2023-07-23 16:53:30,East,Toys,SKU-451,17,40.3,0.05,3,Yes,650.84,,
1444,2023-11-27 12:19:08,South,Garden,SKU-347,11,167.5,0.2,3,No,1474,,
1445,2023-02-15 5:15:20,East,Home,SKU-607,41,425.23,0.2,5,Yes,13947.54,,
1446,2023-03-28 17:07:36,East,Toys,SKU-731,20,112.77,0.1,4,Yes,2029.86,,
1447,2023-01-31 20:07:00,North,Garden,SKU-585,12,105.07,0.1,3,No,1134.76,,
1448,2023-11-26 13:40:24,West,Garden,SKU-283,18,127.59,0.05,4,Yes,2181.79,,
1449,2023-07-16 0:30:52,North,Clothing,SKU-832,7,177.46,0,5,No,1242.22,,
1450,2023-03-13 22:45:27,East,Home,SKU-904,25,386.41,0.2,1,No,7728.2,,
1451,2023-12-25 3:57:51,East,Clothing,SKU-219,35,112.45,0.05,3,Yes,3738.96,,
1452,2023-01-08 20:15:29,East,Home,SKU-591,45,289.9,0.05,5,Yes,12393.22,,
1453,2023-01-28 19:07:29,North,Clothing,SKU-978,48,198.71,0.1,1,Yes,8584.27,,
1454,2023-04-23 1:56:13,West,Electronics,SKU-876,45,155.23,0.2,3,Yes,5588.28,,
1455,2023-12-30 7:37:28,South,Clothing,SKU-938,40,55.3,0.2,3,Yes,1769.6,,
1456,2023-09-09 5:01:26,South,Electronics,SKU-355,4,448.37,0.2,3,No,1434.78,,
1457,2023-12-15 22:57:59,South,Garden,SKU-382,30,467.09,0,5,No,14012.7,,
1458,2023-09-19 17:59:32,North,Electronics,SKU-830,8,146.01,0,4,No,1168.08,,
1459,2023-08-02 22:16:23,South,Toys,SKU-361,38,469.54,0.1,5,No,16058.27,,
1460,2023-02-26 19:46:33,South,Electronics,SKU-333,2,354.7,0,4,Yes,709.4,,
1461,2023-07-18 19:40:30,South,Home,SKU-895,5,153.16,0.05,1,Yes,727.51,,
1462,2023-11-09 20:33:13,North,Electronics,SKU-749,15,367.71,0.1,4,No,4964.08,,
1463,2023-07-05 7:55:02,South,Garden,SKU-675,42,294.39,0.05,2,Yes,11746.16,,
1464,2023-04-20 21:25:05,North,Home,SKU-521,10,480.22,0.2,5,Yes,3841.76,,
1465,2023-08-01 0:57:37,West,Clothing,SKU-481,49,426.93,0.05,4,No,19873.59,,
1466,2023-11-06 0:14:10,South,Clothing,SKU-551,46,203.28,0.1,4,No,8415.79,,
1467,2023-10-21 20:37:49,South,Home,SKU-472,49,259.49,0.05,2,No,12079.26,,
1468,2023-04-16 10:33:46,West,Garden,SKU-927,21,186.39,0.2,5,No,3131.35,,
1469,2023-02-08 19:59:56,North,Clothing,SKU-723,45,360.69,0.2,2,Yes,12984.84,,
1470,2023-04-19 0:22:46,South,Toys,SKU-768,6,364.16,0.15,2,No,1857.22,,
1471,2023-07-12 19:00:58,East,Toys,SKU-542,12,151.68,0.05,3,No,1729.15,,
1472,2023-12-26 22:45:45,North,Toys,SKU-989,6,464.18,0.05,5,Yes,2645.83,,
1473,2023-02-01 14:46:17,South,Electronics,SKU-617,27,49.91,0.05,1,No,1280.19,,
1474,2023-11-25 5:18:24,West,Clothing,SKU-573,19,84.78,0.2,1,Yes,1288.66,,
1475,2023-03-22 2:59:26,South,Home,SKU-387,47,398.54,0.05,1,Yes,17794.81,,
1476,2023-01-09 6:26:17,North,Toys,SKU-784,36,297.94,0.15,4,Yes,9116.96,,
1477,2023-05-17 0:20:34,North,Clothing,SKU-721,28,134.02,0.15,5,No,3189.68,,
1478,2023-11-03 6:47:27,South,Garden,SKU-474,27,459.37,0.15,4,No,10542.54,,
1479,2023-09-21 11:47:28,East,Garden,SKU-682,35,369.52,0.2,2,No,10346.56,,
1480,2023-01-16 0:07:18,East,Garden,SKU-972,14,171.9,0.05,3,No,2286.27,,
1481,2023-08-21 8:22:20,East,Clothing,SKU-744,30,405.93,0.2,2,Yes,9742.32,,
1482,2023-08-06 22:00:56,East,Electronics,SKU-312,12,213.26,0.2,1,Yes,2047.3,,
1483,2023-04-30 3:34:05,East,Toys,SKU-913,16,228.47,0.15,4,No,3107.19,,
1484,2023-02-01 4:29:01,South,Garden,SKU-538,19,443.49,0.2,4,No,6741.05,,
1485,2023-08-10 10:32:38,South,Home,SKU-503,19,421.42,0.05,5,Yes,7606.63,,
1486,2023-12-16 6:18:38,South,Toys,SKU-571,45,56.42,0,1,Yes,2538.9,,
1487,2023-02-23 16:32:03,West,Clothing,SKU-992,7,192.82,0.2,3,Yes,1079.79,,
1488,2023-02-26 5:56:54,West,Clothing,SKU-247,48,47.2,0,1,Yes,2265.6,,
1489,2023-08-22 15:07:21,West,Electronics,SKU-141,9,404.2,0.1,3,No,3274.02,,
1490,2023-03-16 15:25:07,East,Electronics,SKU-625,26,184.98,0.2,5,Yes,3847.58,,
1491,2023-07-29 23:51:20,South,Garden,SKU-592,25,129.56,0.05,3,Yes,3077.05,,
1492,2023-12-01 18:36:22,North,Home,SKU-808,43,110.71,0.05,1,No,4522.5,,
1493,2023-11-30 20:30:07,South,Electronics,SKU-489,41,294.17,0,3,No,12060.97,,
1494,2023-06-17 3:15:25,West,Toys,SKU-120,35,383.51,0,5,Yes,13422.85,,
1495,2023-03-31 3:54:33,East,Clothing,SKU-446,42,211.42,0.1,1,No,7991.68,,
1496,2023-10-07 12:23:22,South,Garden,SKU-638,3,259.15,0.2,4,No,621.96,,
1497,2023-02-21 20:08:57,East,Electronics,SKU-810,42,134.44,0.2,4,No,4517.18,,
1498,2023-10-01 18:07:43,South,Clothing,SKU-136,43,280.54,0.2,1,No,9650.58,,
1499,2023-11-26 9:31:59,South,Home,SKU-952,48,324.64,0.1,1,Yes,14024.45,,
1500,2023-04-29 13:52:34,West,Garden,SKU-563,47,98.19,0.05,1,Yes,4384.18,,
1501,2023-11-10 1:32:17,North,Toys,SKU-970,27,128.38,0,2,No,3466.26,,
1502,2023-11-08 23:42:19,West,Toys,SKU-763,47,235.22,0.2,2,No,8844.27,,
1503,2023-10-25 5:41:56,West,Electronics,SKU-202,35,312.98,0,4,Yes,10954.3,,
1504,2023-10-02 14:46:08,South,Electronics,SKU-350,20,97.24,0.2,2,Yes,1555.84,,
1505,2023-10-08 0:38:29,East,Garden,SKU-924,13,434.82,0,5,Yes,5652.66,,
1506,2023-08-28 10:21:17,South,Toys,SKU-311,35,407.35,0,4,No,14257.25,,
1507,2023-07-28 12:36:40,West,Garden,SKU-844,40,257.92,0.05,5,No,9800.96,,
1508,2023-10-01 23:29:40,North,Toys,SKU-863,48,17.39,0.2,5,Yes,667.78,,
1509,2023-08-09 21:55:13,East,Garden,SKU-121,10,446.17,0.15,3,No,3792.44,,
1510,2023-05-11 20:50:55,North,Home,SKU-801,21,15.17,0.1,2,Yes,286.71,,
1511,2023-07-24 7:07:35,South,Garden,SKU-337,13,172.55,0,1,Yes,2243.15,,
1512,2023-12-20 19:35:03,East,Home,SKU-602,2,384.36,0,3,Yes,768.72,,
1513,2023-06-12 23:01:50,West,Home,SKU-354,32,272.56,0,2,No,8721.92,,
1514,2023-01-23 22:24:51,South,Toys,SKU-136,2,101.08,0,1,Yes,202.16,,
1515,2023-05-14 7:10:16,North,Garden,SKU-344,15,297.55,0.1,5,No,4016.92,,
1516,2023-02-26 22:09:08,West,Toys,SKU-950,25,78.03,0.1,1,No,1755.68,,
1517,2023-04-16 2:28:11,East,Clothing,SKU-873,31,94.79,0.1,5,Yes,2644.64,,
1518,2023-09-01 6:45:08,East,Garden,SKU-603,8,264.3,0.2,2,Yes,1691.52,,
1519,2023-07-27 8:57:09,East,Garden,SKU-325,1,19.88,0.1,3,No,17.89,,
1520,2023-01-12 7:22:43,East,Electronics,SKU-333,46,414.52,0.2,1,No,15254.34,,
1521,2023-12-05 8:12:58,East,Clothing,SKU-419,22,360.52,0.1,1,No,7138.3,,
1522,2023-01-16 10:54:24,West,Electronics,SKU-492,7,367.27,0.2,3,Yes,2056.71,,
1523,2023-11-10 16:41:49,East,Electronics,SKU-606,44,376.18,0.15,5,No,14069.13,,
1524,2023-09-06 11:00:03,East,Home,SKU-149,22,300,0,3,Yes,6600,,
1525,2023-01-09 6:12:36,West,Home,SKU-996,14,29.56,0,1,Yes,413.84,,
1526,2023-08-10 12:47:53,West,Clothing,SKU-648,3,106.93,0.15,1,No,272.67,,
1527,2023-07-24 9:18:20,South,Electronics,SKU-274,3,92.3,0.05,1,No,263.05,,
1528,2023-07-13 7:53:00,East,Home,SKU-872,7,402.62,0,4,No,2818.34,,
1529,2023-12-30 23:30:55,North,Clothing,SKU-856,20,333.28,0,4,No,6665.6,,
1530,2023-08-28 7:11:36,East,Home,SKU-829,48,137.06,0,4,No,6578.88,,
1531,2023-01-11 5:40:23,South,Electronics,SKU-752,33,309.36,0.2,1,No,8167.1,,
1532,2023-08-02 18:11:32,West,Toys,SKU-912,31,267.76,0.1,3,No,7470.5,,
1533,2023-05-09 16:48:16,North,Toys,SKU-863,25,416.82,0.15,3,Yes,8857.42,,
1534,2023-11-28 12:35:44,North,Toys,SKU-853,18,223.05,0.15,5,No,3412.66,,
1535,2023-06-15 4:49:57,North,Home,SKU-440,20,111.53,0.1,4,No,2007.54,,
1536,2023-08-04 20:38:56,South,Home,SKU-655,21,194.59,0.2,2,No,3269.11,,
1537,2023-02-11 21:38:30,East,Clothing,SKU-864,7,74.1,0,3,Yes,518.7,,
1538,2023-05-22 11:52:28,East,Garden,SKU-245,3,140.22,0.2,1,No,336.53,,
1539,2023-09-14 15:51:29,West,Toys,SKU-951,42,184.95,0.2,1,No,6214.32,,
1540,2023-04-15 13:29:46,West,Clothing,SKU-572,19,319.32,0.1,4,No,5460.37,,
1541,2023-09-01 6:38:53,East,Toys,SKU-613,12,139.09,0,1,Yes,1669.08,,
1542,2023-10-07 16:34:10,South,Toys,SKU-138,45,68.27,0.15,4,No,2611.33,,
1543,2023-09-06 22:56:34,East,Toys,SKU-113,21,142.1,0.05,2,Yes,2834.9,,
1544,2023-06-24 2:01:00,North,Toys,SKU-846,36,259,0.2,1,Yes,7459.2,,
1545,2023-07-20 17:07:44,South,Electronics,SKU-766,24,58.07,0.2,3,Yes,1114.94,,
1546,2023-04-22 15:04:47,East,Electronics,SKU-554,37,290.03,0,5,Yes,10731.11,,
1547,2023-03-30 0:48:41,North,Home,SKU-365,38,349.46,0.1,2,Yes,11951.53,,
1548,2023-05-26 6:36:43,West,Clothing,SKU-620,18,287.91,0.1,3,No,4664.14,,
1549,2023-12-03 14:15:23,South,Electronics,SKU-826,31,288.67,0.1,4,No,8053.89,,
1550,2023-12-27 3:58:21,South,Garden,SKU-362,13,337.6,0.1,1,Yes,3949.92,,
1551,2023-02-23 14:23:04,South,Electronics,SKU-557,22,477.82,0.05,1,No,9986.44,,
1552,2023-01-23 10:14:42,North,Garden,SKU-511,14,260.13,0.15,3,No,3095.55,,
1553,2023-08-31 12:12:58,West,Toys,SKU-461,19,156.07,0.05,1,Yes,2817.06,,
1554,2023-01-26 1:42:22,South,Toys,SKU-222,20,239.96,0.15,3,Yes,4079.32,,
1555,2023-03-01 13:56:37,East,Garden,SKU-523,1,348.85,0,4,Yes,348.85,,
1556,2023-03-28 10:56:13,East,Electronics,SKU-414,8,229.45,0.2,3,No,1468.48,,
1557,2023-07-14 15:48:27,South,Home,SKU-579,31,266.26,0.2,1,Yes,6603.25,,
1558,2023-04-24 18:46:53,West,Clothing,SKU-182,10,251.95,0.1,1,Yes,2267.55,,
1559,2023-03-27 1:27:09,East,Toys,SKU-907,30,105.97,0.2,1,Yes,2543.28,,
1560,2023-02-04 23:30:41,South,Clothing,SKU-527,19,64.65,0.05,1,Yes,1166.93,,
1561,2023-04-04 9:43:36,West,Toys,SKU-447,5,147.3,0.1,2,Yes,662.85,,
1562,2023-05-25 21:56:04,South,Garden,SKU-660,25,66.55,0.05,1,No,1580.56,,
1563,2023-11-25 17:57:18,North,Electronics,SKU-800,14,343.09,0.1,4,No,4322.93,,
1564,2023-03-31 20:01:26,West,Garden,SKU-304,3,463.4,0.15,5,Yes,1181.67,,
1565,2023-11-07 1:01:40,West,Clothing,SKU-594,15,242.17,0.1,5,Yes,3269.29,,
1566,2023-05-17 1:03:26,North,Home,SKU-788,30,437.7,0.1,5,Yes,11817.9,,
1567,2023-07-18 9:15:33,West,Toys,SKU-104,49,74.76,0.1,2,Yes,3296.92,,
1568,2023-03-23 15:43:09,West,Toys,SKU-840,38,137.58,0.1,4,Yes,4705.24,,
1569,2023-08-25 7:47:29,East,Electronics,SKU-236,26,251.07,0.05,4,No,6201.43,,
1570,2023-09-04 18:34:04,West,Garden,SKU-785,17,149.59,0.15,4,No,2161.58,,
1571,2023-09-15 11:18:24,East,Garden,SKU-296,25,379.51,0,2,No,9487.75,,
1572,2023-04-26 9:00:58,East,Home,SKU-201,22,108.58,0.2,5,Yes,1911.01,,
1573,2023-08-12 4:02:33,North,Clothing,SKU-243,4,443.3,0.2,3,No,1418.56,,
1574,2023-06-10 9:48:58,West,Toys,SKU-283,12,445.23,0,5,Yes,5342.76,,
1575,2023-03-17 16:52:55,West,Garden,SKU-726,39,108.49,0.1,4,Yes,3808,,
1576,2023-07-31 3:57:21,South,Clothing,SKU-878,12,486.56,0.15,2,No,4962.91,,
1577,2023-01-06 17:10:12,East,Toys,SKU-150,22,39.23,0.05,1,No,819.91,,
1578,2023-01-11 4:33:30,North,Clothing,SKU-804,23,486.62,0.05,4,Yes,10632.65,,
1579,2023-09-23 10:10:53,East,Garden,SKU-811,21,269.22,0.05,1,No,5370.94,,
1580,2023-01-11 21:31:28,North,Home,SKU-223,18,149.56,0.05,4,No,2557.48,,
1581,2023-10-05 11:53:49,North,Home,SKU-884,19,425.37,0.1,3,Yes,7273.83,,
1582,2023-08-29 4:27:11,North,Electronics,SKU-630,5,242.26,0.2,4,Yes,969.04,,
1583,2023-09-12 23:25:21,East,Garden,SKU-201,28,60.36,0.2,4,No,1352.06,,
1584,2023-01-16 2:12:15,North,Clothing,SKU-117,17,438.44,0,1,No,7453.48,,
1585,2023-02-14 17:58:40,East,Garden,SKU-477,11,379.86,0.2,3,Yes,3342.77,,
1586,2023-07-18 9:43:18,South,Electronics,SKU-212,42,314.22,0.1,5,No,11877.52,,
1587,2023-01-05 8:51:56,West,Garden,SKU-175,31,389.48,0.2,5,No,9659.1,,
1588,2023-03-19 19:08:05,West,Garden,SKU-252,31,461.11,0.15,2,Yes,12150.25,,
1589,2023-05-22 10:15:00,North,Garden,SKU-507,40,56.06,0,1,Yes,2242.4,,
1590,2023-04-03 22:39:38,East,Toys,SKU-812,18,172.93,0,4,No,3112.74,,
1591,2023-03-23 14:00:28,North,Electronics,SKU-355,22,492.73,0.15,3,No,9214.05,,
1592,2023-02-04 16:37:40,North,Garden,SKU-734,30,234.83,0.15,3,Yes,5988.16,,
1593,2023-05-03 4:56:54,East,Toys,SKU-875,31,257.25,0.2,2,Yes,6379.8,,
1594,2023-04-02 14:29:49,East,Home,SKU-358,39,110.38,0.05,5,Yes,4089.58,,
1595,2023-02-19 2:41:04,West,Toys,SKU-610,42,130.3,0,3,No,5472.6,,
1596,2023-09-20 14:48:38,North,Home,SKU-857,31,350.82,0.2,2,No,8700.34,,
1597,2023-02-02 11:18:34,East,Clothing,SKU-738,8,87.2,0.2,3,No,558.08,,
1598,2023-07-13 17:29:00,South,Toys,SKU-170,37,335.77,0.05,3,Yes,11802.32,,
1599,2023-05-23 1:49:18,East,Electronics,SKU-440,16,56.09,0.1,5,No,807.7,,
1600,2023-01-03 15:43:37,North,Home,SKU-591,31,328.53,0.05,3,No,9675.21,,
1601,2023-09-01 11:35:50,North,Home,SKU-903,42,342.06,0.05,1,No,13648.19,,
1602,2023-02-28 14:05:57,West,Home,SKU-406,27,406.76,0.05,2,Yes,10433.39,,
1603,2023-07-06 3:38:59,South,Electronics,SKU-515,40,115.65,0.05,1,No,4394.7,,
1604,2023-08-09 14:38:39,West,Garden,SKU-852,37,378.25,0.15,2,No,11895.96,,
1605,2023-11-23 14:22:09,South,Home,SKU-168,7,438.9,0,1,Yes,3072.3,,
1606,2023-01-22 6:16:55,West,Garden,SKU-253,45,10.18,0,1,No,458.1,,
1607,2023-05-04 7:49:41,North,Garden,SKU-672,2,211.34,0.2,1,Yes,338.14,,
1608,2023-06-28 14:01:59,South,Garden,SKU-323,18,299.07,0.05,4,No,5114.1,,
1609,2023-12-17 21:03:27,South,Toys,SKU-356,22,499.45,0.1,5,No,9889.11,,
1610,2023-06-05 15:37:33,South,Clothing,SKU-804,26,204.68,0,5,No,5321.68,,
1611,2023-10-07 0:08:15,South,Toys,SKU-461,27,189.07,0.2,5,Yes,4083.91,,
1612,2023-01-06 19:12:21,West,Toys,SKU-323,18,92.7,0.1,5,Yes,1501.74,,
1613,2023-04-16 12:32:41,North,Garden,SKU-887,23,344.78,0.2,5,Yes,6343.95,,
1614,2023-12-15 11:27:31,East,Home,SKU-753,24,255.11,0.2,1,Yes,4898.11,,
1615,2023-06-11 16:28:30,East,Garden,SKU-279,30,21.09,0.2,1,Yes,506.16,,
1616,2023-12-23 11:39:03,East,Clothing,SKU-314,6,421.87,0,1,Yes,2531.22,,
1617,2023-10-27 1:51:05,North,Garden,SKU-497,8,128.57,0,4,Yes,1028.56,,
1618,2023-10-13 15:14:10,South,Electronics,SKU-673,12,43.19,0.05,5,No,492.37,,
1619,2023-01-26 13:22:44,West,Clothing,SKU-938,36,491.48,0.15,2,Yes,15039.29,,
1620,2023-11-08 13:20:07,West,Clothing,SKU-158,40,17.61,0,2,No,704.4,,
1621,2023-04-17 13:24:29,East,Home,SKU-600,41,125.64,0.15,3,Yes,4378.55,,
1622,2023-10-20 6:40:36,East,Garden,SKU-715,22,377.66,0.15,5,Yes,7062.24,,
1623,2023-10-12 12:15:54,East,Electronics,SKU-422,4,86.46,0,5,Yes,345.84,,
1624,2023-06-03 22:01:54,East,Home,SKU-257,37,223,0.15,5,No,7013.35,,
1625,2023-07-15 23:37:51,South,Toys,SKU-367,23,79.85,0.1,5,Yes,1652.9,,
1626,2023-11-19 18:24:10,North,Home,SKU-420,42,269.1,0.1,4,No,10171.98,,
1627,2023-04-14 15:21:03,South,Toys,SKU-873,10,36.61,0,1,Yes,366.1,,
1628,2023-02-19 5:54:18,North,Clothing,SKU-991,45,444.18,0.15,4,Yes,16989.88,,
1629,2023-08-20 11:51:06,North,Electronics,SKU-652,33,124.44,0.15,4,Yes,3490.54,,
1630,2023-05-14 4:56:11,East,Garden,SKU-454,14,108.22,0.1,1,No,1363.57,,
1631,2023-12-20 0:24:35,South,Electronics,SKU-460,47,24.21,0.05,5,Yes,1080.98,,
1632,2023-05-03 17:30:35,West,Clothing,SKU-320,42,454.89,0.05,1,Yes,18150.11,,
1633,2023-01-09 20:08:13,East,Garden,SKU-507,5,32.92,0.05,5,Yes,156.37,,
1634,2023-02-09 3:51:31,South,Electronics,SKU-827,33,472.54,0.1,4,Yes,14034.44,,
1635,2023-03-29 16:51:08,South,Electronics,SKU-250,41,20.68,0.05,1,Yes,805.49,,
1636,2023-05-18 4:27:29,West,Home,SKU-840,8,489.05,0.05,5,Yes,3716.78,,
1637,2023-12-12 18:50:30,North,Toys,SKU-312,49,460.62,0.2,1,Yes,18056.3,,
1638,2023-02-06 16:13:48,North,Home,SKU-974,44,424.28,0.15,2,No,15868.07,,
1639,2023-03-18 2:18:12,East,Toys,SKU-572,36,32.54,0.2,1,Yes,937.15,,
1640,2023-11-28 5:55:26,South,Toys,SKU-930,33,42.64,0,4,Yes,1407.12,,
1641,2023-03-03 21:16:29,South,Clothing,SKU-815,29,264.59,0.1,4,No,6905.8,,
1642,2023-01-01 2:28:36,North,Garden,SKU-173,30,274.9,0.05,1,No,7834.65,,
1643,2023-12-31 10:58:26,East,Electronics,SKU-560,36,258.63,0.05,5,Yes,8845.15,,
1644,2023-02-22 16:59:26,East,Toys,SKU-847,34,340.5,0.1,3,Yes,10419.3,,
1645,2023-06-23 19:21:36,East,Clothing,SKU-346,10,161.03,0.2,2,Yes,1288.24,,
1646,2023-08-22 11:24:08,West,Toys,SKU-996,46,73.37,0.05,1,No,3206.27,,
1647,2023-08-08 16:36:05,East,Toys,SKU-855,7,314.94,0.2,2,No,1763.66,,
1648,2023-11-11 14:27:47,West,Home,SKU-808,3,424.51,0.1,4,Yes,1146.18,,
1649,2023-06-20 15:14:40,North,Home,SKU-487,3,191.64,0.15,1,Yes,488.68,,
1650,2023-02-03 11:04:26,West,Home,SKU-894,37,452.01,0.1,3,No,15051.93,,
1651,2023-02-18 7:07:44,East,Toys,SKU-272,20,458.5,0.2,4,No,7336,,
1652,2023-10-08 17:01:21,West,Garden,SKU-442,44,378.19,0.15,4,No,14144.31,,
1653,2023-05-06 5:50:02,South,Toys,SKU-702,30,338.87,0.15,3,No,8641.18,,
1654,2023-01-19 17:28:41,South,Garden,SKU-557,14,316.83,0.15,2,Yes,3770.28,,
1655,2023-06-03 3:57:01,North,Electronics,SKU-847,41,379.35,0,2,No,15553.35,,
1656,2023-05-29 11:48:52,East,Clothing,SKU-984,8,161.18,0.05,4,Yes,1224.97,,
1657,2023-09-09 10:22:34,South,Home,SKU-118,46,147.62,0,4,No,6790.52,,
1658,2023-10-13 0:24:41,West,Electronics,SKU-216,45,496.78,0.1,3,Yes,20119.59,,
1659,2023-02-17 2:44:23,South,Electronics,SKU-151,36,187.19,0.15,2,Yes,5728.01,,
1660,2023-09-07 15:22:27,South,Home,SKU-295,12,337.89,0,3,No,4054.68,,
1661,2023-07-28 19:15:14,South,Toys,SKU-508,1,173.19,0,3,No,173.19,,
1662,2023-05-25 6:36:26,West,Garden,SKU-597,27,350.68,0.15,5,Yes,8048.11,,
1663,2023-06-06 3:20:17,South,Garden,SKU-629,30,260.67,0.15,1,No,6647.08,,
1664,2023-01-02 9:26:05,South,Garden,SKU-981,46,428.2,0.1,5,No,17727.48,,
1665,2023-12-01 23:25:10,North,Clothing,SKU-724,43,353.99,0.1,5,No,13699.41,,
1666,2023-02-12 8:06:57,West,Clothing,SKU-147,22,254.9,0.2,5,Yes,4486.24,,
1667,2023-06-30 9:43:11,North,Toys,SKU-252,15,227.93,0.2,4,Yes,2735.16,,
1668,2023-11-20 19:51:06,East,Garden,SKU-671,8,367.95,0.05,2,Yes,2796.42,,
1669,2023-07-18 4:58:25,West,Electronics,SKU-523,17,137.11,0.15,1,No,1981.24,,
1670,2023-10-01 7:34:36,South,Toys,SKU-931,35,293.94,0.15,5,Yes,8744.72,,
1671,2023-12-29 19:15:43,South,Clothing,SKU-746,5,272.07,0,1,Yes,1360.35,,
1672,2023-01-18 13:36:32,North,Home,SKU-460,48,93.97,0.2,1,Yes,3608.45,,
1673,2023-09-11 16:38:30,North,Garden,SKU-660,38,165.62,0.05,4,No,5978.88,,
1674,2023-11-10 7:29:33,South,Home,SKU-566,20,262.21,0,2,No,5244.2,,
1675,2023-12-22 20:42:23,West,Clothing,SKU-606,24,31.36,0.05,2,No,715.01,,
1676,2023-07-03 6:18:04,West,Home,SKU-996,10,478.12,0.05,4,No,4542.14,,
1677,2023-02-04 17:14:28,West,Toys,SKU-950,31,16.05,0.15,1,Yes,422.92,,
1678,2023-10-29 7:30:58,West,Toys,SKU-965,19,325.62,0.1,3,No,5568.1,,
1679,2023-03-12 19:43:30,West,Toys,SKU-693,42,275.88,0.15,4,No,9848.92,,
1680,2023-04-20 16:22:03,South,Clothing,SKU-160,23,321.47,0.05,5,No,7024.12,,
1681,2023-03-06 18:35:37,North,Clothing,SKU-182,23,461.68,0.2,1,No,8494.91,,
1682,2023-06-26 2:22:09,East,Clothing,SKU-371,33,137.44,0,4,Yes,4535.52,,
1683,2023-12-15 13:06:08,North,Clothing,SKU-966,26,395.49,0.2,1,Yes,8226.19,,
1684,2023-02-28 19:03:53,West,Clothing,SKU-881,10,68.71,0.15,5,No,584.03,,
1685,2023-05-24 6:02:37,North,Toys,SKU-213,33,245.13,0.2,5,Yes,6471.43,,
1686,2023-12-11 16:26:50,South,Home,SKU-434,2,175.91,0.2,3,No,281.46,,
1687,2023-02-12 5:37:03,North,Toys,SKU-151,19,98.35,0.2,1,No,1494.92,,
1688,2023-01-19 20:01:12,South,Electronics,SKU-481,44,368.04,0.05,2,No,15384.07,,
1689,2023-12-17 23:20:40,North,Garden,SKU-152,48,338.8,0,2,No,16262.4,,
1690,2023-01-11 19:32:20,North,Electronics,SKU-247,19,114.85,0.2,1,No,1745.72,,
1691,2023-10-25 23:28:15,North,Clothing,SKU-890,34,444.43,0.2,2,Yes,12088.5,,
1692,2023-01-17 10:26:20,East,Garden,SKU-840,39,391.83,0,4,No,15281.37,,
1693,2023-03-06 1:22:23,West,Clothing,SKU-801,46,59.59,0,5,No,2741.14,,
1694,2023-06-23 14:42:23,South,Electronics,SKU-749,42,368.65,0.05,1,No,14709.13,,
1695,2023-11-30 16:35:17,West,Toys,SKU-561,19,324.54,0.05,5,Yes,5857.95,,
1696,2023-05-22 17:42:52,West,Electronics,SKU-970,21,42.04,0,1,No,882.84,,
1697,2023-04-14 23:59:32,East,Home,SKU-285,23,53.15,0.2,4,No,977.96,,
1698,2023-01-13 2:58:51,West,Home,SKU-173,43,328.79,0.15,2,Yes,12017.27,,
1699,2023-10-28 6:29:40,East,Clothing,SKU-264,43,434.89,0.2,3,No,14960.22,,
1700,2023-07-04 16:59:18,South,Clothing,SKU-345,6,297.5,0.1,3,No,1606.5,,
1701,2023-10-13 17:26:14,South,Toys,SKU-482,37,348.87,0,3,Yes,12908.19,,
1702,2023-07-25 16:22:11,West,Electronics,SKU-344,18,61.15,0.2,3,Yes,880.56,,
1703,2023-09-22 14:44:12,North,Garden,SKU-237,3,466.81,0.2,5,No,1120.34,,
1704,2023-08-07 1:22:35,East,Electronics,SKU-937,31,391.12,0,4,No,12124.72,,
1705,2023-04-15 4:10:07,West,Toys,SKU-955,35,110,0.15,1,No,3272.5,,
1706,2023-07-01 18:34:10,West,Electronics,SKU-972,38,274.54,0,1,No,10432.52,,
1707,2023-02-01 21:45:27,North,Toys,SKU-346,6,201.67,0.1,5,Yes,1089.02,,
1708,2023-02-06 5:46:53,East,Home,SKU-630,46,168.48,0.2,3,No,6200.06,,
1709,2023-11-06 0:24:02,North,Garden,SKU-920,5,303.2,0.15,2,No,1288.6,,
1710,2023-12-10 7:25:33,West,Electronics,SKU-465,10,176.88,0,4,Yes,1768.8,,
1711,2023-01-27 20:08:43,East,Clothing,SKU-364,47,300.27,0.15,1,Yes,11995.79,,
1712,2023-09-17 18:44:27,East,Toys,SKU-746,33,312.84,0.15,4,Yes,8775.16,,
1713,2023-06-18 1:40:59,East,Home,SKU-575,9,201.07,0.05,2,Yes,1719.15,,
1714,2023-05-20 17:49:14,South,Garden,SKU-827,12,429.54,0.1,5,No,4639.03,,
1715,2023-10-23 1:42:23,South,Toys,SKU-723,31,140.41,0.15,5,Yes,3699.8,,
1716,2023-03-24 22:07:44,East,Garden,SKU-625,2,404.55,0.1,4,No,728.19,,
1717,2023-02-22 3:09:36,North,Clothing,SKU-716,26,473.77,0,3,No,12318.02,,
1718,2023-03-29 13:45:04,West,Home,SKU-414,15,14.91,0.05,5,No,212.47,,
1719,2023-06-24 6:35:57,West,Clothing,SKU-940,34,181.63,0.1,3,Yes,5557.88,,
1720,2023-08-23 21:03:49,East,Toys,SKU-923,3,16.19,0.15,5,Yes,41.28,,
1721,2023-11-19 5:10:36,West,Toys,SKU-587,15,367.42,0.1,2,Yes,4960.17,,
1722,2023-09-22 16:24:07,South,Toys,SKU-381,11,413.47,0,2,Yes,4548.17,,
1723,2023-07-19 0:41:32,West,Toys,SKU-238,48,182.13,0.1,4,Yes,7868.02,,
1724,2023-01-03 22:42:16,North,Toys,SKU-373,12,310.36,0,4,Yes,3724.32,,
1725,2023-09-19 23:32:09,West,Clothing,SKU-319,21,368.66,0.2,3,Yes,6193.49,,
1726,2023-09-08 12:16:23,West,Electronics,SKU-356,2,159.68,0.2,4,No,255.49,,
1727,2023-07-02 20:41:14,West,Toys,SKU-891,1,74.73,0.1,5,Yes,67.26,,
1728,2023-03-17 12:09:40,East,Clothing,SKU-350,7,215.31,0.15,3,Yes,1281.09,,
1729,2023-02-28 12:43:18,South,Home,SKU-399,15,407.89,0.2,4,Yes,4894.68,,
1730,2023-01-19 16:44:37,West,Home,SKU-106,36,248.17,0.1,2,Yes,8040.71,,
1731,2023-06-20 17:35:54,South,Toys,SKU-609,11,117.84,0,3,No,1296.24,,
1732,2023-03-17 13:45:58,West,Garden,SKU-904,41,407.1,0.2,5,No,13352.88,,
1733,2023-03-16 13:31:47,North,Home,SKU-619,22,176.97,0.15,5,No,3309.34,,
1734,2023-08-28 14:43:18,East,Toys,SKU-162,25,169.88,0.1,1,Yes,3822.3,,
1735,2023-04-13 5:37:52,West,Garden,SKU-694,45,436.39,0.2,3,Yes,15710.04,,
1736,2023-12-18 10:34:35,West,Clothing,SKU-294,31,233.78,0,4,No,7247.18,,
1737,2023-06-25 18:15:20,North,Electronics,SKU-835,30,49.66,0.2,4,Yes,1191.84,,
1738,2023-06-17 19:04:57,South,Clothing,SKU-735,20,395.38,0,4,No,7907.6,,
1739,2023-07-22 10:47:21,East,Toys,SKU-339,20,233.27,0.15,2,Yes,3965.59,,
1740,2023-01-08 18:12:55,West,Toys,SKU-293,36,257.58,0,5,No,9272.88,,
1741,2023-01-30 4:21:10,North,Garden,SKU-322,28,356.18,0.2,2,Yes,7978.43,,
1742,2023-01-18 5:58:04,West,Electronics,SKU-396,6,64.2,0,2,Yes,385.2,,
1743,2023-10-31 13:06:40,East,Home,SKU-592,30,400.18,0,1,No,12005.4,,
1744,2023-05-11 12:06:05,East,Home,SKU-625,13,250.8,0,2,Yes,3260.4,,
1745,2023-12-04 21:13:16,North,Toys,SKU-818,37,124.19,0.05,2,No,4365.28,,
1746,2023-11-28 8:45:28,South,Garden,SKU-771,46,306.48,0.05,4,No,13393.18,,
1747,2023-12-23 10:17:51,West,Garden,SKU-986,7,474.06,0.05,3,No,3152.5,,
1748,2023-11-11 9:08:09,East,Garden,SKU-772,28,176.37,0,3,No,4938.36,,
1749,2023-04-19 10:16:51,East,Toys,SKU-898,13,126.67,0.05,1,Yes,1564.37,,
1750,2023-02-15 8:12:25,North,Home,SKU-728,8,427.6,0.05,3,Yes,3249.76,,
1751,2023-10-03 19:49:48,North,Home,SKU-319,32,213.19,0.1,3,No,6139.87,,
1752,2023-11-30 11:27:56,West,Electronics,SKU-759,9,89.5,0.15,5,Yes,684.68,,
1753,2023-09-08 23:15:36,East,Clothing,SKU-316,35,414.48,0,5,No,14506.8,,
1754,2023-06-02 12:07:53,North,Home,SKU-242,48,209.53,0.1,1,No,9051.7,,
1755,2023-08-12 2:05:07,West,Electronics,SKU-718,34,447.85,0.2,4,Yes,12181.52,,
1756,2023-08-11 6:42:46,South,Toys,SKU-376,47,227.76,0.2,3,Yes,8563.78,,
1757,2023-05-14 12:43:43,West,Electronics,SKU-189,31,80.8,0.05,1,No,2379.56,,
1758,2023-05-31 19:12:04,North,Garden,SKU-473,36,177.27,0.15,2,Yes,5424.46,,
1759,2023-03-13 0:53:35,West,Garden,SKU-569,20,292.19,0,1,No,5843.8,,
1760,2023-08-19 13:58:10,South,Home,SKU-201,11,357.9,0,5,Yes,3936.9,,
1761,2023-09-26 13:31:26,South,Clothing,SKU-241,44,193.11,0.2,1,No,6797.47,,
1762,2023-09-28 23:47:09,North,Electronics,SKU-154,44,121.1,0.05,5,Yes,5061.98,,
1763,2023-06-21 4:43:34,East,Electronics,SKU-890,44,146.71,0.05,2,Yes,6132.48,,
1764,2023-06-27 0:20:37,South,Clothing,SKU-155,30,229.72,0.1,1,No,6202.44,,
1765,2023-06-18 15:12:06,South,Home,SKU-297,46,307.71,0.05,1,No,13446.93,,
1766,2023-05-29 3:22:03,North,Garden,SKU-840,2,104.42,0,5,No,208.84,,
1767,2023-08-19 18:21:46,East,Garden,SKU-804,17,269.18,0,3,No,4576.06,,
1768,2023-05-03 22:59:10,South,Garden,SKU-872,15,140.33,0.15,3,No,1789.21,,
1769,2023-11-09 16:02:40,West,Toys,SKU-648,21,55.92,0.15,4,Yes,998.17,,
1770,2023-03-29 10:21:42,North,Electronics,SKU-842,36,137.16,0.2,3,Yes,3950.21,,
1771,2023-04-12 0:28:39,East,Electronics,SKU-281,41,116.65,0.05,3,No,4543.52,,
1772,2023-12-29 12:54:37,West,Home,SKU-757,18,482.6,0.2,4,No,6949.44,,
1773,2023-07-18 19:01:38,South,Toys,SKU-903,35,192.51,0.2,3,Yes,5390.28,,
1774,2023-11-20 3:28:13,South,Home,SKU-876,49,42.81,0,3,No,2097.69,,
1775,2023-01-16 14:17:07,East,Electronics,SKU-424,25,362,0,2,No,9050,,
1776,2023-01-26 10:31:06,North,Garden,SKU-935,49,421.57,0.15,4,Yes,17558.39,,
1777,2023-03-14 13:06:43,East,Home,SKU-338,6,220.68,0.05,3,Yes,1257.88,,
1778,2023-11-23 14:15:09,West,Electronics,SKU-258,14,262.98,0.2,2,No,2945.38,,
1779,2023-09-13 13:26:48,North,Home,SKU-373,4,186.21,0.1,1,Yes,670.36,,
1780,2023-05-31 20:18:22,South,Garden,SKU-826,34,72.3,0.1,1,Yes,2212.38,,
1781,2023-08-05 12:16:35,East,Electronics,SKU-182,30,274.32,0.05,4,No,7818.12,,
1782,2023-09-17 9:21:34,West,Electronics,SKU-856,42,341.32,0.05,2,No,13618.67,,
1783,2023-01-25 17:46:11,West,Garden,SKU-876,31,26.77,0.2,1,Yes,663.9,,
1784,2023-09-04 15:22:55,East,Toys,SKU-924,37,263.39,0.2,5,No,7796.34,,
1785,2023-01-21 5:45:01,North,Electronics,SKU-914,47,363.76,0.15,3,No,14532.21,,
1786,2023-03-28 8:22:11,South,Toys,SKU-987,7,262.39,0.05,4,Yes,1744.89,,
1787,2023-01-13 4:09:52,East,Home,SKU-316,45,342.29,0.15,3,Yes,13092.59,,
1788,2023-08-19 12:46:37,East,Toys,SKU-434,25,319.77,0.1,3,No,7194.82,,
1789,2023-09-30 16:58:10,West,Toys,SKU-905,40,134.02,0.1,2,Yes,4824.72,,
1790,2023-04-09 1:59:30,South,Garden,SKU-541,12,210.51,0.05,5,Yes,2399.81,,
1791,2023-03-09 8:27:16,West,Home,SKU-376,48,384.27,0.15,4,No,15678.22,,
1792,2023-11-08 22:40:49,West,Clothing,SKU-282,9,130.42,0.1,3,Yes,1056.4,,
1793,2023-10-09 17:25:10,North,Home,SKU-274,13,141.34,0.15,3,Yes,1561.81,,
1794,2023-02-19 1:11:44,West,Electronics,SKU-808,25,367.11,0.05,1,No,8718.86,,
1795,2023-06-23 16:54:45,South,Clothing,SKU-688,3,19.9,0.05,3,No,56.72,,
1796,2023-11-21 18:24:17,South,Toys,SKU-406,1,379.24,0.1,2,No,341.32,,
1797,2023-04-21 18:37:35,South,Home,SKU-401,48,172.4,0.1,4,Yes,7447.68,,
1798,2023-10-06 7:51:35,South,Toys,SKU-925,33,217.18,0,4,Yes,7166.94,,
1799,2023-05-10 7:47:15,East,Toys,SKU-912,33,163.05,0.05,3,Yes,5111.62,,
1800,2023-05-22 3:18:04,East,Toys,SKU-832,48,273.66,0.1,3,No,11822.11,,
1801,2023-03-03 12:59:56,North,Toys,SKU-666,23,438.11,0.2,4,Yes,8061.22,,
1802,2023-10-12 10:35:56,West,Toys,SKU-555,6,80.63,0.1,4,No,435.4,,
1803,2023-03-16 17:44:33,West,Clothing,SKU-372,43,118.2,0.1,2,No,4574.34,,
1804,2023-11-03 11:58:12,North,Clothing,SKU-188,42,249.08,0,4,No,10461.36,,
1805,2023-05-09 4:50:15,West,Home,SKU-883,48,445.54,0.1,3,Yes,19247.33,,
1806,2023-01-07 22:12:58,West,Home,SKU-616,45,288.77,0.1,5,No,11695.18,,
1807,2023-12-02 21:46:36,South,Toys,SKU-610,22,200.35,0.05,4,No,4187.31,,
1808,2023-08-03 12:40:19,East,Toys,SKU-124,42,44.1,0.1,5,No,1666.98,,
1809,2023-05-25 1:17:13,South,Clothing,SKU-497,37,266.97,0.1,3,Yes,8890.1,,
1810,2023-03-31 12:09:08,North,Home,SKU-302,41,169.88,0.1,1,No,6268.57,,
1811,2023-01-31 15:33:00,South,Electronics,SKU-208,42,235.51,0.05,4,Yes,9396.85,,
1812,2023-03-22 9:26:28,North,Clothing,SKU-100,22,204.28,0.15,3,Yes,3820.04,,
1813,2023-07-30 1:03:56,South,Toys,SKU-752,45,214.04,0.2,5,Yes,7705.44,,
1814,2023-05-13 5:55:29,East,Toys,SKU-438,26,95.54,0.1,2,Yes,2235.64,,
1815,2023-11-06 13:28:30,West,Toys,SKU-462,34,492.69,0.2,2,No,13401.17,,
1816,2023-02-24 10:49:02,South,Garden,SKU-969,35,387.34,0.1,5,Yes,12201.21,,
1817,2023-07-03 21:27:33,North,Clothing,SKU-460,43,294.49,0.05,5,No,12029.92,,
1818,2023-11-02 2:27:21,North,Garden,SKU-209,25,38.79,0.2,2,Yes,775.8,,
1819,2023-05-06 12:27:36,West,Home,SKU-599,41,205.16,0.2,2,Yes,6729.25,,
1820,2023-01-25 19:09:03,North,Electronics,SKU-849,1,422.7,0.15,3,Yes,359.29,,
1821,2023-01-05 21:07:10,North,Toys,SKU-241,28,413.92,0.15,3,Yes,9851.3,,
1822,2023-07-08 16:26:08,East,Home,SKU-196,10,110.25,0.05,5,Yes,1047.38,,
1823,2023-10-18 4:37:21,East,Toys,SKU-995,24,435.65,0.15,5,No,8887.26,,
1824,2023-02-23 20:36:51,East,Home,SKU-138,31,151.24,0.15,4,No,3985.17,,
1825,2023-06-19 17:50:13,North,Garden,SKU-326,14,469.39,0.05,1,No,6242.89,,
1826,2023-08-19 10:49:46,West,Toys,SKU-140,4,265.85,0.2,5,Yes,850.72,,
1827,2023-02-25 8:08:34,West,Garden,SKU-777,23,318.92,0.2,4,No,5868.13,,
1828,2023-03-27 19:10:31,West,Electronics,SKU-951,2,333.1,0.1,3,Yes,599.58,,
1829,2023-06-09 4:29:30,South,Electronics,SKU-756,26,185.03,0.15,1,Yes,4089.16,,
1830,2023-07-13 12:38:35,East,Home,SKU-926,23,47.17,0.1,5,Yes,976.42,,
1831,2023-02-15 22:41:36,North,Toys,SKU-727,43,224.02,0,4,Yes,9632.86,,
1832,2023-04-23 21:42:44,East,Home,SKU-139,28,51.36,0.2,3,Yes,1150.46,,
1833,2023-07-23 9:40:14,South,Garden,SKU-747,30,242.82,0,3,Yes,7284.6,,
1834,2023-06-06 6:49:31,East,Clothing,SKU-685,26,169.88,0.05,4,No,4196.04,,
1835,2023-10-07 8:36:00,East,Home,SKU-416,24,162.45,0,5,Yes,3898.8,,
1836,2023-10-29 19:52:37,East,Electronics,SKU-603,3,488.96,0.2,5,Yes,1173.5,,
1837,2023-05-22 20:51:45,East,Electronics,SKU-875,21,105.94,0.05,3,No,2113.5,,
1838,2023-08-27 3:28:47,North,Electronics,SKU-126,33,20.89,0.05,1,Yes,654.9,,
1839,2023-03-22 3:46:25,North,Clothing,SKU-670,4,145.24,0.1,4,No,522.86,,
1840,2023-11-29 19:15:20,North,Toys,SKU-143,6,306.39,0.15,5,Yes,1562.59,,
1841,2023-12-03 0:11:20,South,Toys,SKU-222,9,110.3,0.2,5,Yes,794.16,,
1842,2023-08-09 9:45:03,North,Electronics,SKU-667,19,411.08,0.05,4,Yes,7419.99,,
1843,2023-06-03 11:19:38,South,Electronics,SKU-584,39,92.07,0.05,5,No,3411.19,,
1844,2023-02-03 2:30:47,North,Garden,SKU-296,33,397.59,0.1,5,No,11808.42,,
1845,2023-02-09 16:36:38,South,Toys,SKU-345,31,242.15,0.15,3,No,6380.65,,
1846,2023-10-28 18:01:45,South,Home,SKU-495,32,34.86,0,1,No,1115.52,,
1847,2023-03-02 22:44:34,West,Electronics,SKU-750,36,406.75,0.15,3,Yes,12446.55,,
1848,2023-06-30 5:10:25,East,Toys,SKU-761,44,22.66,0,3,No,997.04,,
1849,2023-03-10 21:39:49,West,Electronics,SKU-208,45,415.42,0,4,No,18693.9,,
1850,2023-11-06 16:45:48,East,Home,SKU-126,30,137.44,0.2,5,Yes,3298.56,,
1851,2023-09-10 0:46:23,West,Home,SKU-150,12,204.18,0.2,1,Yes,1960.13,,
1852,2023-11-28 7:01:41,North,Toys,SKU-804,5,43.26,0.1,3,Yes,194.67,,
1853,2023-10-09 22:58:54,North,Clothing,SKU-561,17,473.57,0.15,5,No,6843.09,,
1854,2023-12-06 14:33:09,North,Clothing,SKU-986,7,25.95,0.15,1,No,154.4,,
1855,2023-01-24 10:51:22,North,Clothing,SKU-237,26,440.09,0.1,1,Yes,10298.11,,
1856,2023-12-05 12:08:36,West,Electronics,SKU-962,24,38.44,0.15,2,Yes,784.18,,
1857,2023-04-09 0:44:43,North,Garden,SKU-362,3,85.94,0.05,2,Yes,244.93,,
1858,2023-01-16 4:16:23,North,Home,SKU-412,17,94.96,0,1,No,1614.32,,
1859,2023-12-01 9:13:00,South,Clothing,SKU-686,24,214.69,0.05,5,Yes,4894.93,,
1860,2023-12-15 21:51:10,East,Home,SKU-243,38,284.22,0,1,No,10800.36,,
1861,2023-12-01 23:29:18,East,Toys,SKU-374,36,498.99,0,5,No,17963.64,,
1862,2023-06-20 9:42:19,South,Clothing,SKU-270,49,151.02,0.2,1,Yes,5919.98,,
1863,2023-12-12 5:25:05,East,Home,SKU-787,12,334.43,0.15,3,No,3411.19,,
1864,2023-02-09 1:25:30,East,Clothing,SKU-480,42,266.53,0.05,1,No,10634.55,,
1865,2023-02-23 23:02:20,South,Electronics,SKU-632,30,286.54,0.2,4,No,6876.96,,
1866,2023-02-28 13:47:13,East,Electronics,SKU-571,32,265.29,0,3,Yes,8489.28,,
1867,2023-01-25 9:04:20,South,Electronics,SKU-864,49,32.19,0.2,4,No,1261.85,,
1868,2023-03-27 13:41:34,East,Electronics,SKU-673,38,289.08,0.2,1,Yes,8788.03,,
1869,2023-05-26 13:52:52,North,Clothing,SKU-660,20,353.71,0,3,Yes,7074.2,,
1870,2023-12-21 1:40:50,East,Clothing,SKU-552,29,306.81,0.2,5,Yes,7117.99,,
1871,2023-06-14 21:12:12,West,Home,SKU-134,14,150.48,0.1,2,Yes,1896.05,,
1872,2023-12-27 13:09:25,East,Garden,SKU-795,14,374.67,0.2,2,No,4196.3,,
1873,2023-01-29 15:24:03,North,Toys,SKU-958,28,145.35,0.1,2,No,3662.82,,
1874,2023-01-22 23:53:16,West,Electronics,SKU-977,33,34.58,0,5,Yes,1141.14,,
1875,2023-12-04 4:51:12,West,Electronics,SKU-741,29,48.65,0.05,1,No,1340.31,,
1876,2023-04-13 5:31:22,West,Toys,SKU-354,46,286.6,0.15,4,No,11206.06,,
1877,2023-03-01 15:16:34,North,Toys,SKU-909,44,222.41,0.15,3,Yes,8318.13,,
1878,2023-01-18 6:30:21,West,Electronics,SKU-932,38,440.37,0.2,5,Yes,13387.25,,
1879,2023-08-04 0:04:25,West,Toys,SKU-154,33,288.13,0,2,Yes,9508.29,,
1880,2023-02-22 3:26:19,East,Clothing,SKU-911,47,356.66,0.15,4,Yes,14248.57,,
1881,2023-11-10 14:29:33,North,Toys,SKU-777,22,196.24,0.2,2,Yes,3453.82,,
1882,2023-11-16 14:37:39,East,Toys,SKU-730,40,179.58,0.1,4,Yes,6464.88,,
1883,2023-03-23 17:05:56,North,Home,SKU-964,29,433.86,0.2,1,No,10065.55,,
1884,2023-10-30 10:30:42,East,Electronics,SKU-445,25,102.46,0.15,4,No,2177.28,,
1885,2023-10-01 3:04:00,East,Electronics,SKU-460,30,333.14,0,5,Yes,9994.2,,
1886,2023-06-01 6:37:13,West,Electronics,SKU-580,26,414.42,0,5,No,10774.92,,
1887,2023-06-29 1:49:03,East,Clothing,SKU-436,9,383.9,0.15,1,Yes,2936.84,,
1888,2023-11-30 13:09:59,North,Clothing,SKU-414,47,324.08,0.05,1,Yes,14470.17,,
1889,2023-01-30 6:24:03,East,Toys,SKU-375,28,234.59,0.2,4,Yes,5254.82,,
1890,2023-05-19 7:26:48,North,Toys,SKU-236,19,20.43,0.1,4,No,349.35,,
1891,2023-10-29 18:10:26,West,Home,SKU-150,8,185.72,0.1,4,No,1337.18,,
1892,2023-12-02 18:45:57,West,Clothing,SKU-139,22,308.42,0.2,2,No,5428.19,,
1893,2023-10-30 18:34:28,North,Home,SKU-122,4,241.07,0.15,1,No,819.64,,
1894,2023-01-10 1:08:09,South,Clothing,SKU-655,25,288.14,0.1,1,Yes,6483.15,,
1895,2023-07-11 7:46:06,North,Home,SKU-942,43,495.82,0,3,No,21320.26,,
1896,2023-05-13 11:42:50,West,Home,SKU-946,34,161.29,0,5,Yes,5483.86,,
1897,2023-04-05 13:36:15,East,Home,SKU-945,22,243.07,0,5,No,5347.54,,
1898,2023-11-11 16:56:56,West,Electronics,SKU-667,11,205.82,0.05,3,No,2150.82,,
1899,2023-12-16 15:42:56,South,Electronics,SKU-149,24,118.04,0.05,1,No,2691.31,,
1900,2023-01-14 3:16:35,East,Toys,SKU-211,36,27.96,0,4,Yes,1006.56,,
1901,2023-10-15 17:11:50,South,Clothing,SKU-823,3,251.78,0.1,4,No,679.81,,
1902,2023-12-08 16:42:14,South,Toys,SKU-409,7,256.62,0.15,4,No,1526.89,,
1903,2023-12-10 23:46:14,East,Home,SKU-966,26,371.77,0.2,1,No,7732.82,,
1904,2023-05-26 14:41:38,West,Electronics,SKU-996,34,72.51,0.2,3,Yes,1972.27,,
1905,2023-02-13 21:29:32,East,Home,SKU-399,30,457.71,0.05,1,No,13044.73,,
1906,2023-10-20 1:01:11,South,Garden,SKU-713,40,287.08,0.15,2,Yes,9760.72,,
1907,2023-04-22 17:01:03,West,Home,SKU-179,31,356.41,0.05,1,Yes,10496.27,,
1908,2023-11-14 17:19:23,West,Home,SKU-894,35,40.57,0,4,No,1419.95,,
1909,2023-08-18 5:58:15,South,Electronics,SKU-470,9,284.26,0,3,Yes,2558.34,,
1910,2023-05-06 14:47:12,South,Toys,SKU-216,6,407.36,0.15,5,No,2077.54,,
1911,2023-03-11 18:17:14,North,Home,SKU-951,31,449.75,0.05,2,No,13245.14,,
1912,2023-10-30 7:34:19,North,Toys,SKU-173,3,262.6,0,2,Yes,787.8,,
1913,2023-09-12 7:58:34,North,Garden,SKU-352,45,49.31,0.15,3,No,1886.11,,
1914,2023-10-22 8:53:00,East,Clothing,SKU-601,28,162.31,0.05,3,Yes,4317.45,,
1915,2023-05-15 0:03:59,North,Clothing,SKU-439,25,220.84,0.15,3,Yes,4692.85,,
1916,2023-02-14 9:51:07,West,Clothing,SKU-628,46,495.31,0.2,1,No,18227.41,,
1917,2023-07-20 2:08:27,North,Home,SKU-223,43,169.93,0.05,2,No,6941.64,,
1918,2023-08-16 13:00:23,East,Electronics,SKU-497,18,113.6,0.1,3,No,1840.32,,
1919,2023-11-07 5:51:09,North,Garden,SKU-922,33,394.36,0.2,3,No,10411.1,,
1920,2023-02-28 11:17:01,East,Home,SKU-908,30,393.84,0.1,3,Yes,10633.68,,
1921,2023-11-02 15:01:29,North,Garden,SKU-365,45,229.97,0.05,5,No,9831.22,,
1922,2023-01-17 19:31:27,East,Toys,SKU-156,30,213.12,0.2,5,No,5114.88,,
1923,2023-12-01 14:23:13,East,Garden,SKU-358,5,387.54,0.05,4,No,1840.82,,
1924,2023-09-23 16:32:25,North,Home,SKU-986,36,311.43,0.2,5,Yes,8969.18,,
1925,2023-11-08 3:10:09,East,Clothing,SKU-585,1,222.92,0.1,5,Yes,200.63,,
1926,2023-02-18 10:33:16,North,Home,SKU-944,29,363.18,0.1,5,Yes,9479,,
1927,2023-04-23 17:11:17,West,Toys,SKU-605,48,320.37,0.2,1,Yes,12302.21,,
1928,2023-06-13 21:00:58,North,Garden,SKU-156,44,385.92,0.15,2,No,14433.41,,
1929,2023-05-21 7:05:51,West,Clothing,SKU-683,1,306.56,0.1,2,No,275.9,,
1930,2023-05-01 5:39:14,North,Electronics,SKU-625,12,99.62,0.15,1,No,1016.12,,
1931,2023-12-28 21:14:33,East,Garden,SKU-265,45,244.98,0.15,1,No,9370.48,,
1932,2023-12-11 1:24:25,North,Garden,SKU-154,26,450.94,0.1,2,Yes,10552,,
1933,2023-04-03 18:37:08,West,Electronics,SKU-325,4,318.53,0.15,3,No,1083,,
1934,2023-12-22 10:59:23,East,Home,SKU-569,39,439.07,0.2,5,Yes,13698.98,,
1935,2023-02-06 19:04:58,South,Electronics,SKU-293,47,339.61,0.1,1,No,14365.5,,
1936,2023-01-24 5:47:50,East,Electronics,SKU-890,49,314.26,0.05,3,Yes,14628.8,,
1937,2023-01-12 4:10:10,North,Home,SKU-838,12,378.48,0.1,2,No,4087.58,,
1938,2023-07-04 23:13:08,South,Electronics,SKU-767,26,379.17,0.1,3,No,8872.58,,
1939,2023-01-10 2:47:38,West,Home,SKU-164,41,432.83,0.15,4,Yes,15084.13,,
1940,2023-06-02 20:21:36,West,Toys,SKU-472,9,442.29,0.1,1,No,3582.55,,
1941,2023-10-08 22:18:00,East,Electronics,SKU-628,46,270.86,0.1,4,Yes,11213.6,,
1942,2023-12-19 7:06:10,North,Clothing,SKU-952,5,78.98,0,4,Yes,394.9,,
1943,2023-08-16 16:59:49,East,Clothing,SKU-862,12,306.6,0.1,5,Yes,3311.28,,
1944,2023-08-13 14:05:23,West,Electronics,SKU-373,1,478.8,0,2,No,478.8,,
1945,2023-06-08 8:05:27,North,Garden,SKU-662,40,296.51,0.1,3,Yes,10674.36,,
1946,2023-03-11 7:37:34,West,Electronics,SKU-295,26,166.21,0.1,1,Yes,3889.31,,
1947,2023-10-14 8:53:04,South,Electronics,SKU-991,1,195.33,0.2,2,Yes,156.26,,
1948,2023-01-23 3:52:51,East,Electronics,SKU-573,41,98.34,0.2,4,No,3225.55,,
1949,2023-07-09 0:53:47,West,Home,SKU-953,33,306.01,0.2,1,Yes,8078.66,,
1950,2023-05-02 20:20:53,North,Toys,SKU-814,16,381.55,0.05,4,No,5799.56,,
1951,2023-02-05 19:54:44,West,Garden,SKU-345,19,201.89,0.2,2,Yes,3068.73,,
1952,2023-10-09 11:40:29,East,Toys,SKU-843,28,396.66,0.1,2,No,9995.83,,
1953,2023-10-25 14:13:53,North,Toys,SKU-230,36,488.64,0.2,3,Yes,14072.83,,
1954,2023-07-02 18:53:39,South,Clothing,SKU-119,24,437.82,0.2,2,No,8406.14,,
1955,2023-06-27 14:25:28,North,Home,SKU-590,15,94.44,0.15,4,Yes,1204.11,,
1956,2023-04-28 2:41:53,North,Clothing,SKU-724,21,181.22,0.15,3,No,3234.78,,
1957,2023-07-18 0:37:21,South,Electronics,SKU-316,33,206.15,0,4,Yes,6802.95,,
1958,2023-08-14 14:56:12,North,Electronics,SKU-415,10,319.14,0.15,3,Yes,2712.69,,
1959,2023-06-11 22:52:11,East,Toys,SKU-840,44,382.36,0.05,2,Yes,15982.65,,
1960,2023-09-01 23:07:30,South,Garden,SKU-475,6,428.33,0.15,1,No,2184.48,,
1961,2023-06-07 9:15:35,South,Electronics,SKU-239,5,391.77,0.05,5,No,1860.91,,
1962,2023-04-22 12:40:56,West,Electronics,SKU-489,41,174.46,0.1,5,Yes,6437.57,,
1963,2023-02-16 19:04:07,West,Garden,SKU-499,32,373.48,0,5,Yes,11951.36,,
1964,2023-05-10 16:12:52,North,Garden,SKU-505,38,373.42,0.1,5,No,12770.96,,
1965,2023-12-12 14:48:38,South,Clothing,SKU-369,44,129.46,0.15,4,No,4841.8,,
1966,2023-10-15 4:26:51,East,Home,SKU-982,45,363.63,0,3,Yes,16363.35,,
1967,2023-08-20 16:23:33,East,Home,SKU-138,9,353.5,0.15,2,No,2704.28,,
1968,2023-08-03 15:36:05,North,Electronics,SKU-779,12,70.19,0.15,3,No,715.94,,
1969,2023-08-26 23:05:46,West,Home,SKU-786,32,243.9,0.1,1,No,7024.32,,
1970,2023-08-14 8:40:58,West,Toys,SKU-116,14,287.59,0.15,5,Yes,3422.32,,
1971,2023-08-06 18:20:29,East,Electronics,SKU-383,47,87.63,0.2,3,No,3294.89,,
1972,2023-07-28 13:16:19,South,Home,SKU-196,6,85.97,0.2,2,No,412.66,,
1973,2023-05-10 16:01:34,South,Home,SKU-676,18,262.91,0,2,Yes,4732.38,,
1974,2023-10-11 5:20:25,West,Electronics,SKU-992,42,136.88,0.1,2,No,5174.06,,
1975,2023-03-10 21:35:21,North,Garden,SKU-493,36,259.12,0.2,5,No,7462.66,,
1976,2023-10-21 15:54:16,South,Home,SKU-615,13,250.94,0.15,5,Yes,2772.89,,
1977,2023-11-13 6:59:05,North,Home,SKU-769,26,472.94,0.15,1,No,10451.97,,
1978,2023-12-20 6:22:28,East,Clothing,SKU-213,42,487.01,0.05,2,No,19431.7,,
1979,2023-10-13 17:25:47,South,Toys,SKU-628,9,19.02,0.2,1,Yes,136.94,,
1980,2023-06-25 11:04:39,West,Toys,SKU-565,17,402.89,0.05,4,Yes,6506.67,,
1981,2023-05-04 9:23:21,East,Clothing,SKU-384,34,487.87,0.1,2,Yes,14928.82,,
1982,2023-01-09 5:04:00,North,Clothing,SKU-935,38,215.88,0.2,5,Yes,6562.75,,
1983,2023-09-07 20:59:07,South,Clothing,SKU-277,36,128.29,0.15,1,Yes,3925.67,,
1984,2023-09-09 16:34:11,East,Clothing,SKU-951,3,374.61,0.1,5,Yes,1011.45,,
1985,2023-12-31 11:52:14,South,Toys,SKU-612,36,34.91,0.2,1,No,1005.41,,
1986,2023-06-28 18:36:36,South,Home,SKU-888,40,123.52,0,1,Yes,4940.8,,
1987,2023-02-18 8:59:15,South,Clothing,SKU-118,31,219.96,0.05,1,No,6477.82,,
1988,2023-06-10 8:58:36,North,Electronics,SKU-828,10,305.46,0.2,3,No,2443.68,,
1989,2023-06-23 4:00:38,South,Toys,SKU-870,11,88.25,0.05,5,Yes,922.21,,
1990,2023-06-27 17:09:47,South,Toys,SKU-744,40,280.62,0.15,2,Yes,9541.08,,
1991,2023-11-12 12:47:02,South,Garden,SKU-174,24,434.43,0.15,3,No,8862.37,,
1992,2023-11-01 0:27:30,North,Toys,SKU-299,37,315.69,0.15,3,Yes,9928.45,,
1993,2023-08-13 15:45:32,South,Electronics,SKU-852,2,217.53,0.1,5,No,391.55,,
1994,2023-03-18 4:43:56,North,Clothing,SKU-747,30,479.36,0,1,No,14380.8,,
1995,2023-09-23 3:05:20,North,Clothing,SKU-560,46,40.3,0.1,5,No,1668.42,,
1996,2023-09-17 22:20:19,West,Toys,SKU-940,5,311.76,0.05,1,Yes,1480.86,,
1997,2023-12-31 8:09:00,West,Clothing,SKU-855,30,291.55,0.05,4,Yes,8309.17,,
1998,2023-03-23 8:31:29,West,Electronics,SKU-142,7,290.12,0.05,1,No,1929.3,,
1999,2023-05-21 18:37:21,North,Clothing,SKU-471,1,222.79,0.15,1,No,189.37,,
2000,2023-01-01 20:24:00,South,Toys,SKU-729,48,280.84,0.1,1,Yes,12132.29,,
,,,,,,,,,,,,
,,,,,,,,,,,,
